dataset,target,target_type,family,cfg,seed,note,method,k,compat_on_U,compat_on_Uhat,test_bal
rafdb,compat_A,compat,lr,wd=1e-05,0,compat_5fam,lda_shrink,4,0.8469439511013894,0.8730034491237577,0.8730034491237577
rafdb,compat_A,compat,lr,wd=1e-05,0,compat_5fam,vib_b1,4,0.8469439511013894,0.8572149588989205,0.8572149588989205
rafdb,compat_A,compat,lr,wd=1e-05,0,compat_5fam,adv2attr_lam03,4,0.8469439511013894,0.8443504628501698,0.8443504628501698
rafdb,compat_A,compat,lr,wd=1e-05,0,compat_5fam,leace2attr,768,0.8469439511013894,0.8325900649299095,0.8325900649299095
rafdb,compat_A,compat,lr,wd=0.001,0,compat_5fam,lda_shrink,4,0.8469439511013894,0.8730034491237577,0.8730034491237577
rafdb,compat_A,compat,lr,wd=0.001,0,compat_5fam,vib_b1,4,0.8469439511013894,0.8572149588989205,0.8572149588989205
rafdb,compat_A,compat,lr,wd=0.001,0,compat_5fam,adv2attr_lam03,4,0.8469439511013894,0.8443504628501698,0.8443504628501698
rafdb,compat_A,compat,lr,wd=0.001,0,compat_5fam,leace2attr,768,0.8469439511013894,0.8325900649299095,0.8325900649299095
rafdb,compat_A,compat,lr,wd=0.1,0,compat_5fam,lda_shrink,4,0.8486029831494364,0.8732975667708166,0.8732975667708166
rafdb,compat_A,compat,lr,wd=0.1,0,compat_5fam,vib_b1,4,0.8486029831494364,0.8560572919538769,0.8560572919538769
rafdb,compat_A,compat,lr,wd=0.1,0,compat_5fam,adv2attr_lam03,4,0.8486029831494364,0.8438441337362457,0.8438441337362457
rafdb,compat_A,compat,lr,wd=0.1,0,compat_5fam,leace2attr,768,0.8486029831494364,0.8360063442024808,0.8360063442024808
rafdb,compat_A,compat,mlp,"h=256,seed=0",0,compat_5fam,lda_shrink,4,0.8582902329227377,0.8763317645916411,0.8763317645916411
rafdb,compat_A,compat,mlp,"h=256,seed=0",0,compat_5fam,vib_b1,4,0.8582902329227377,0.8551901131823293,0.8551901131823293
rafdb,compat_A,compat,mlp,"h=256,seed=0",0,compat_5fam,adv2attr_lam03,4,0.8582902329227377,0.8332386464384267,0.8332386464384267
rafdb,compat_A,compat,mlp,"h=256,seed=0",0,compat_5fam,leace2attr,768,0.8582902329227377,0.8421351875563629,0.8421351875563629
rafdb,compat_A,compat,mlp,"h=256,seed=1",0,compat_5fam,lda_shrink,4,0.8648555448218793,0.8868746376302499,0.8868746376302499
rafdb,compat_A,compat,mlp,"h=256,seed=1",0,compat_5fam,vib_b1,4,0.8648555448218793,0.8565369657076326,0.8565369657076326
rafdb,compat_A,compat,mlp,"h=256,seed=1",0,compat_5fam,adv2attr_lam03,4,0.8648555448218793,0.8404855762562125,0.8404855762562125
rafdb,compat_A,compat,mlp,"h=256,seed=1",0,compat_5fam,leace2attr,768,0.8648555448218793,0.8527492145596527,0.8527492145596527
rafdb,compat_A,compat,mlp,"h=1024,seed=0",0,compat_5fam,lda_shrink,4,0.8629189592212727,0.8829423722503152,0.8829423722503152
rafdb,compat_A,compat,mlp,"h=1024,seed=0",0,compat_5fam,vib_b1,4,0.8629189592212727,0.8536073893206227,0.8536073893206227
rafdb,compat_A,compat,mlp,"h=1024,seed=0",0,compat_5fam,adv2attr_lam03,4,0.8629189592212727,0.8357636163308074,0.8357636163308074
rafdb,compat_A,compat,mlp,"h=1024,seed=0",0,compat_5fam,leace2attr,768,0.8629189592212727,0.8512313049012669,0.8512313049012669
rafdb,compat_A,compat,mlp,"h=1024,seed=1",0,compat_5fam,lda_shrink,4,0.8649849863102981,0.8831692871477042,0.8831692871477042
rafdb,compat_A,compat,mlp,"h=1024,seed=1",0,compat_5fam,vib_b1,4,0.8649849863102981,0.85752589749445,0.85752589749445
rafdb,compat_A,compat,mlp,"h=1024,seed=1",0,compat_5fam,adv2attr_lam03,4,0.8649849863102981,0.8366950023613944,0.8366950023613944
rafdb,compat_A,compat,mlp,"h=1024,seed=1",0,compat_5fam,leace2attr,768,0.8649849863102981,0.8482876178535838,0.8482876178535838
rafdb,compat_A,compat,rff,gamma x0.5,0,compat_5fam,lda_shrink,4,0.865322607304647,0.8808670653723277,0.8808670653723277
rafdb,compat_A,compat,rff,gamma x0.5,0,compat_5fam,vib_b1,4,0.865322607304647,0.8594562004052243,0.8594562004052243
rafdb,compat_A,compat,rff,gamma x0.5,0,compat_5fam,adv2attr_lam03,4,0.865322607304647,0.8401206469905741,0.8401206469905741
rafdb,compat_A,compat,rff,gamma x0.5,0,compat_5fam,leace2attr,768,0.865322607304647,0.8430216502101716,0.8430216502101716
rafdb,compat_A,compat,rff,gamma x2.0,0,compat_5fam,lda_shrink,4,0.8030417910942089,0.8713627912683958,0.8713627912683958
rafdb,compat_A,compat,rff,gamma x2.0,0,compat_5fam,vib_b1,4,0.8030417910942089,0.8559802089011861,0.8559802089011861
rafdb,compat_A,compat,rff,gamma x2.0,0,compat_5fam,adv2attr_lam03,4,0.8030417910942089,0.8337050686515207,0.8337050686515207
rafdb,compat_A,compat,rff,gamma x2.0,0,compat_5fam,leace2attr,768,0.8030417910942089,0.791999134843962,0.791999134843962
rafdb,compat_A,compat,tree,depth=None,0,compat_5fam,lda_shrink,4,0.7796156926793587,0.8500563780535053,0.8500563780535053
rafdb,compat_A,compat,tree,depth=None,0,compat_5fam,vib_b1,4,0.7796156926793587,0.8248221640908966,0.8248221640908966
rafdb,compat_A,compat,tree,depth=None,0,compat_5fam,adv2attr_lam03,4,0.7796156926793587,0.8201319820342017,0.8201319820342017
rafdb,compat_A,compat,tree,depth=None,0,compat_5fam,leace2attr,768,0.7796156926793587,0.7553962453288351,0.7553962453288351
rafdb,compat_A,compat,tree,depth=6,0,compat_5fam,lda_shrink,4,0.778845624362251,0.8468553311685814,0.8468553311685814
rafdb,compat_A,compat,tree,depth=6,0,compat_5fam,vib_b1,4,0.778845624362251,0.8336280248333816,0.8336280248333816
rafdb,compat_A,compat,tree,depth=6,0,compat_5fam,adv2attr_lam03,4,0.778845624362251,0.8105703760591727,0.8105703760591727
rafdb,compat_A,compat,tree,depth=6,0,compat_5fam,leace2attr,768,0.778845624362251,0.750583216643297,0.750583216643297
rafdb,compat_A,compat,knn,k=15,0,compat_5fam,lda_shrink,4,0.6683565184802756,0.7340507358176069,0.7340507358176069
rafdb,compat_A,compat,knn,k=15,0,compat_5fam,vib_b1,4,0.6683565184802756,0.6718808186863192,0.6718808186863192
rafdb,compat_A,compat,knn,k=15,0,compat_5fam,adv2attr_lam03,4,0.6683565184802756,0.6455922410470818,0.6455922410470818
rafdb,compat_A,compat,knn,k=15,0,compat_5fam,leace2attr,768,0.6683565184802756,0.668158845591607,0.668158845591607
rafdb,compat_A,compat,knn,k=50,0,compat_5fam,lda_shrink,4,0.60532359754758,0.7187226717838822,0.7187226717838822
rafdb,compat_A,compat,knn,k=50,0,compat_5fam,vib_b1,4,0.60532359754758,0.6618309977228563,0.6618309977228563
rafdb,compat_A,compat,knn,k=50,0,compat_5fam,adv2attr_lam03,4,0.60532359754758,0.6297846364743277,0.6297846364743277
rafdb,compat_A,compat,knn,k=50,0,compat_5fam,leace2attr,768,0.60532359754758,0.6174879271327098,0.6174879271327098
rafdb,compat_A,compat,lr,wd=1e-05,1,compat_5fam,lda_shrink,4,0.8504888888817904,0.8748271573304447,0.8748271573304447
rafdb,compat_A,compat,lr,wd=1e-05,1,compat_5fam,vib_b1,4,0.8504888888817904,0.8589484384693323,0.8589484384693323
rafdb,compat_A,compat,lr,wd=1e-05,1,compat_5fam,adv2attr_lam03,4,0.8504888888817904,0.8432558984421281,0.8432558984421281
rafdb,compat_A,compat,lr,wd=1e-05,1,compat_5fam,leace2attr,768,0.8504888888817904,0.8344350873568832,0.8344350873568832
rafdb,compat_A,compat,lr,wd=0.001,1,compat_5fam,lda_shrink,4,0.8504888888817904,0.8748271573304447,0.8748271573304447
rafdb,compat_A,compat,lr,wd=0.001,1,compat_5fam,vib_b1,4,0.8504888888817904,0.8589484384693323,0.8589484384693323
rafdb,compat_A,compat,lr,wd=0.001,1,compat_5fam,adv2attr_lam03,4,0.8504888888817904,0.8432558984421281,0.8432558984421281
rafdb,compat_A,compat,lr,wd=0.001,1,compat_5fam,leace2attr,768,0.8504888888817904,0.8344350873568832,0.8344350873568832
rafdb,compat_A,compat,lr,wd=0.1,1,compat_5fam,lda_shrink,4,0.8525623746286441,0.8749524986061955,0.8749524986061955
rafdb,compat_A,compat,lr,wd=0.1,1,compat_5fam,vib_b1,4,0.8525623746286441,0.8581283242669047,0.8581283242669047
rafdb,compat_A,compat,lr,wd=0.1,1,compat_5fam,adv2attr_lam03,4,0.8525623746286441,0.8427930044237613,0.8427930044237613
rafdb,compat_A,compat,lr,wd=0.1,1,compat_5fam,leace2attr,768,0.8525623746286441,0.8328382940475851,0.8328382940475851
rafdb,compat_A,compat,mlp,"h=256,seed=0",1,compat_5fam,lda_shrink,4,0.8648555448218793,0.8868746376302499,0.8868746376302499
rafdb,compat_A,compat,mlp,"h=256,seed=0",1,compat_5fam,vib_b1,4,0.8648555448218793,0.8565369657076326,0.8565369657076326
rafdb,compat_A,compat,mlp,"h=256,seed=0",1,compat_5fam,adv2attr_lam03,4,0.8648555448218793,0.8404855762562125,0.8404855762562125
rafdb,compat_A,compat,mlp,"h=256,seed=0",1,compat_5fam,leace2attr,768,0.8648555448218793,0.8527492145596527,0.8527492145596527
rafdb,compat_A,compat,mlp,"h=256,seed=1",1,compat_5fam,lda_shrink,4,0.86632868484735,0.8827498282248947,0.8827498282248947
rafdb,compat_A,compat,mlp,"h=256,seed=1",1,compat_5fam,vib_b1,4,0.86632868484735,0.8525128249125811,0.8525128249125811
rafdb,compat_A,compat,mlp,"h=256,seed=1",1,compat_5fam,adv2attr_lam03,4,0.86632868484735,0.8358464275223356,0.8358464275223356
rafdb,compat_A,compat,mlp,"h=256,seed=1",1,compat_5fam,leace2attr,768,0.86632868484735,0.8527321225827798,0.8527321225827798
rafdb,compat_A,compat,mlp,"h=1024,seed=0",1,compat_5fam,lda_shrink,4,0.8649849863102981,0.8831692871477042,0.8831692871477042
rafdb,compat_A,compat,mlp,"h=1024,seed=0",1,compat_5fam,vib_b1,4,0.8649849863102981,0.85752589749445,0.85752589749445
rafdb,compat_A,compat,mlp,"h=1024,seed=0",1,compat_5fam,adv2attr_lam03,4,0.8649849863102981,0.8366950023613944,0.8366950023613944
rafdb,compat_A,compat,mlp,"h=1024,seed=0",1,compat_5fam,leace2attr,768,0.8649849863102981,0.8482876178535838,0.8482876178535838
rafdb,compat_A,compat,mlp,"h=1024,seed=1",1,compat_5fam,lda_shrink,4,0.8637299679870297,0.8820550552982178,0.8820550552982178
rafdb,compat_A,compat,mlp,"h=1024,seed=1",1,compat_5fam,vib_b1,4,0.8637299679870297,0.8560978805564602,0.8560978805564602
rafdb,compat_A,compat,mlp,"h=1024,seed=1",1,compat_5fam,adv2attr_lam03,4,0.8637299679870297,0.8353154257429644,0.8353154257429644
rafdb,compat_A,compat,mlp,"h=1024,seed=1",1,compat_5fam,leace2attr,768,0.8637299679870297,0.853910239949857,0.853910239949857
rafdb,compat_A,compat,rff,gamma x0.5,1,compat_5fam,lda_shrink,4,0.8658208849908918,0.8779710356636155,0.8779710356636155
rafdb,compat_A,compat,rff,gamma x0.5,1,compat_5fam,vib_b1,4,0.8658208849908918,0.8551321774329173,0.8551321774329173
rafdb,compat_A,compat,rff,gamma x0.5,1,compat_5fam,adv2attr_lam03,4,0.8658208849908918,0.8358384123349824,0.8358384123349824
rafdb,compat_A,compat,rff,gamma x0.5,1,compat_5fam,leace2attr,768,0.8658208849908918,0.8622071723639347,0.8622071723639347
rafdb,compat_A,compat,rff,gamma x2.0,1,compat_5fam,lda_shrink,4,0.8178516009040188,0.868848736835355,0.868848736835355
rafdb,compat_A,compat,rff,gamma x2.0,1,compat_5fam,vib_b1,4,0.8178516009040188,0.841634467465464,0.841634467465464
rafdb,compat_A,compat,rff,gamma x2.0,1,compat_5fam,adv2attr_lam03,4,0.8178516009040188,0.8227299318441201,0.8227299318441201
rafdb,compat_A,compat,rff,gamma x2.0,1,compat_5fam,leace2attr,768,0.8178516009040188,0.804379143734192,0.804379143734192
rafdb,compat_A,compat,tree,depth=None,1,compat_5fam,lda_shrink,4,0.7793010597227894,0.8569207144673576,0.8569207144673576
rafdb,compat_A,compat,tree,depth=None,1,compat_5fam,vib_b1,4,0.7793010597227894,0.8289061962914299,0.8289061962914299
rafdb,compat_A,compat,tree,depth=None,1,compat_5fam,adv2attr_lam03,4,0.7793010597227894,0.8133569121020207,0.8133569121020207
rafdb,compat_A,compat,tree,depth=None,1,compat_5fam,leace2attr,768,0.7793010597227894,0.7535650784643196,0.7535650784643196
rafdb,compat_A,compat,tree,depth=6,1,compat_5fam,lda_shrink,4,0.7971115998842905,0.850575502218933,0.850575502218933
rafdb,compat_A,compat,tree,depth=6,1,compat_5fam,vib_b1,4,0.7971115998842905,0.8253793298149376,0.8253793298149376
rafdb,compat_A,compat,tree,depth=6,1,compat_5fam,adv2attr_lam03,4,0.7971115998842905,0.812265584108394,0.812265584108394
rafdb,compat_A,compat,tree,depth=6,1,compat_5fam,leace2attr,768,0.7971115998842905,0.7643449180614044,0.7643449180614044
rafdb,compat_A,compat,knn,k=15,1,compat_5fam,lda_shrink,4,0.6683565184802756,0.7340507358176069,0.7340507358176069
rafdb,compat_A,compat,knn,k=15,1,compat_5fam,vib_b1,4,0.6683565184802756,0.6718808186863192,0.6718808186863192
rafdb,compat_A,compat,knn,k=15,1,compat_5fam,adv2attr_lam03,4,0.6683565184802756,0.6455922410470818,0.6455922410470818
rafdb,compat_A,compat,knn,k=15,1,compat_5fam,leace2attr,768,0.6683565184802756,0.668158845591607,0.668158845591607
rafdb,compat_A,compat,knn,k=50,1,compat_5fam,lda_shrink,4,0.60532359754758,0.7187226717838822,0.7187226717838822
rafdb,compat_A,compat,knn,k=50,1,compat_5fam,vib_b1,4,0.60532359754758,0.6618309977228563,0.6618309977228563
rafdb,compat_A,compat,knn,k=50,1,compat_5fam,adv2attr_lam03,4,0.60532359754758,0.6297846364743277,0.6297846364743277
rafdb,compat_A,compat,knn,k=50,1,compat_5fam,leace2attr,768,0.60532359754758,0.6174879271327098,0.6174879271327098
rafdb,compat_A,compat,lr,wd=1e-05,2,compat_5fam,lda_shrink,4,0.8497703070879192,0.8715353143222897,0.8715353143222897
rafdb,compat_A,compat,lr,wd=1e-05,2,compat_5fam,vib_b1,4,0.8497703070879192,0.8572149588989205,0.8572149588989205
rafdb,compat_A,compat,lr,wd=1e-05,2,compat_5fam,adv2attr_lam03,4,0.8497703070879192,0.8419418777945259,0.8419418777945259
rafdb,compat_A,compat,lr,wd=1e-05,2,compat_5fam,leace2attr,768,0.8497703070879192,0.8282112145278921,0.8282112145278921
rafdb,compat_A,compat,lr,wd=0.001,2,compat_5fam,lda_shrink,4,0.8497703070879192,0.8715353143222897,0.8715353143222897
rafdb,compat_A,compat,lr,wd=0.001,2,compat_5fam,vib_b1,4,0.8497703070879192,0.8572149588989205,0.8572149588989205
rafdb,compat_A,compat,lr,wd=0.001,2,compat_5fam,adv2attr_lam03,4,0.8497703070879192,0.8419418777945259,0.8419418777945259
rafdb,compat_A,compat,lr,wd=0.001,2,compat_5fam,leace2attr,768,0.8497703070879192,0.8282112145278921,0.8282112145278921
rafdb,compat_A,compat,lr,wd=0.1,2,compat_5fam,lda_shrink,4,0.8513662365989643,0.8724373347049108,0.8724373347049108
rafdb,compat_A,compat,lr,wd=0.1,2,compat_5fam,vib_b1,4,0.8513662365989643,0.8585093121050781,0.8585093121050781
rafdb,compat_A,compat,lr,wd=0.1,2,compat_5fam,adv2attr_lam03,4,0.8513662365989643,0.8441382513833044,0.8441382513833044
rafdb,compat_A,compat,lr,wd=0.1,2,compat_5fam,leace2attr,768,0.8513662365989643,0.8317478298522115,0.8317478298522115
rafdb,compat_A,compat,mlp,"h=256,seed=0",2,compat_5fam,lda_shrink,4,0.86632868484735,0.8827498282248947,0.8827498282248947
rafdb,compat_A,compat,mlp,"h=256,seed=0",2,compat_5fam,vib_b1,4,0.86632868484735,0.8525128249125811,0.8525128249125811
rafdb,compat_A,compat,mlp,"h=256,seed=0",2,compat_5fam,adv2attr_lam03,4,0.86632868484735,0.8358464275223356,0.8358464275223356
rafdb,compat_A,compat,mlp,"h=256,seed=0",2,compat_5fam,leace2attr,768,0.86632868484735,0.8527321225827798,0.8527321225827798
rafdb,compat_A,compat,mlp,"h=256,seed=1",2,compat_5fam,lda_shrink,4,0.8682324892115612,0.87866590212492,0.87866590212492
rafdb,compat_A,compat,mlp,"h=256,seed=1",2,compat_5fam,vib_b1,4,0.8682324892115612,0.8524129629572614,0.8524129629572614
rafdb,compat_A,compat,mlp,"h=256,seed=1",2,compat_5fam,adv2attr_lam03,4,0.8682324892115612,0.8436939075184139,0.8436939075184139
rafdb,compat_A,compat,mlp,"h=256,seed=1",2,compat_5fam,leace2attr,768,0.8682324892115612,0.8437253288628161,0.8437253288628161
rafdb,compat_A,compat,mlp,"h=1024,seed=0",2,compat_5fam,lda_shrink,4,0.8637299679870297,0.8820550552982178,0.8820550552982178
rafdb,compat_A,compat,mlp,"h=1024,seed=0",2,compat_5fam,vib_b1,4,0.8637299679870297,0.8560978805564602,0.8560978805564602
rafdb,compat_A,compat,mlp,"h=1024,seed=0",2,compat_5fam,adv2attr_lam03,4,0.8637299679870297,0.8353154257429644,0.8353154257429644
rafdb,compat_A,compat,mlp,"h=1024,seed=0",2,compat_5fam,leace2attr,768,0.8637299679870297,0.853910239949857,0.853910239949857
rafdb,compat_A,compat,mlp,"h=1024,seed=1",2,compat_5fam,lda_shrink,4,0.8652603003141651,0.8839894013501318,0.8839894013501318
rafdb,compat_A,compat,mlp,"h=1024,seed=1",2,compat_5fam,vib_b1,4,0.8652603003141651,0.8541865191780698,0.8541865191780698
rafdb,compat_A,compat,mlp,"h=1024,seed=1",2,compat_5fam,adv2attr_lam03,4,0.8652603003141651,0.8343666354940205,0.8343666354940205
rafdb,compat_A,compat,mlp,"h=1024,seed=1",2,compat_5fam,leace2attr,768,0.8652603003141651,0.849682951911529,0.849682951911529
rafdb,compat_A,compat,rff,gamma x0.5,2,compat_5fam,lda_shrink,4,0.8776198621466176,0.8755853132507495,0.8755853132507495
rafdb,compat_A,compat,rff,gamma x0.5,2,compat_5fam,vib_b1,4,0.8776198621466176,0.8593880751055332,0.8593880751055332
rafdb,compat_A,compat,rff,gamma x0.5,2,compat_5fam,adv2attr_lam03,4,0.8776198621466176,0.8404498597384219,0.8404498597384219
rafdb,compat_A,compat,rff,gamma x0.5,2,compat_5fam,leace2attr,768,0.8776198621466176,0.8618858065868569,0.8618858065868569
rafdb,compat_A,compat,rff,gamma x2.0,2,compat_5fam,lda_shrink,4,0.8266143134340194,0.8626760873209228,0.8626760873209228
rafdb,compat_A,compat,rff,gamma x2.0,2,compat_5fam,vib_b1,4,0.8266143134340194,0.8269104595916064,0.8269104595916064
rafdb,compat_A,compat,rff,gamma x2.0,2,compat_5fam,adv2attr_lam03,4,0.8266143134340194,0.8250945063540449,0.8250945063540449
rafdb,compat_A,compat,rff,gamma x2.0,2,compat_5fam,leace2attr,768,0.8266143134340194,0.8020735476552083,0.8020735476552083
rafdb,compat_A,compat,tree,depth=None,2,compat_5fam,lda_shrink,4,0.7706186543091852,0.8381332358090224,0.8381332358090224
rafdb,compat_A,compat,tree,depth=None,2,compat_5fam,vib_b1,4,0.7706186543091852,0.8149408280809082,0.8149408280809082
rafdb,compat_A,compat,tree,depth=None,2,compat_5fam,adv2attr_lam03,4,0.7706186543091852,0.8028454129117669,0.8028454129117669
rafdb,compat_A,compat,tree,depth=None,2,compat_5fam,leace2attr,768,0.7706186543091852,0.7537315075023603,0.7537315075023603
rafdb,compat_A,compat,tree,depth=6,2,compat_5fam,lda_shrink,4,0.7743830483291466,0.8440444852675595,0.8440444852675595
rafdb,compat_A,compat,tree,depth=6,2,compat_5fam,vib_b1,4,0.7743830483291466,0.8342506722125496,0.8342506722125496
rafdb,compat_A,compat,tree,depth=6,2,compat_5fam,adv2attr_lam03,4,0.7743830483291466,0.802359129976748,0.802359129976748
rafdb,compat_A,compat,tree,depth=6,2,compat_5fam,leace2attr,768,0.7743830483291466,0.7607144270885604,0.7607144270885604
rafdb,compat_A,compat,knn,k=15,2,compat_5fam,lda_shrink,4,0.6683565184802756,0.7340507358176069,0.7340507358176069
rafdb,compat_A,compat,knn,k=15,2,compat_5fam,vib_b1,4,0.6683565184802756,0.6718808186863192,0.6718808186863192
rafdb,compat_A,compat,knn,k=15,2,compat_5fam,adv2attr_lam03,4,0.6683565184802756,0.6455922410470818,0.6455922410470818
rafdb,compat_A,compat,knn,k=15,2,compat_5fam,leace2attr,768,0.6683565184802756,0.668158845591607,0.668158845591607
rafdb,compat_A,compat,knn,k=50,2,compat_5fam,lda_shrink,4,0.60532359754758,0.7187226717838822,0.7187226717838822
rafdb,compat_A,compat,knn,k=50,2,compat_5fam,vib_b1,4,0.60532359754758,0.6618309977228563,0.6618309977228563
rafdb,compat_A,compat,knn,k=50,2,compat_5fam,adv2attr_lam03,4,0.60532359754758,0.6297846364743277,0.6297846364743277
rafdb,compat_A,compat,knn,k=50,2,compat_5fam,leace2attr,768,0.60532359754758,0.6174879271327098,0.6174879271327098
rafdb,compat_B_gender,compat,lr,wd=1e-05,0,compat_5fam,lda_shrink,4,0.9368687542626694,0.5637072621059811,0.5637072621059811
rafdb,compat_B_gender,compat,lr,wd=1e-05,0,compat_5fam,vib_b1,4,0.9368687542626694,0.565721218950469,0.565721218950469
rafdb,compat_B_gender,compat,lr,wd=1e-05,0,compat_5fam,adv2attr_lam03,4,0.9368687542626694,0.5479116626634641,0.5479116626634641
rafdb,compat_B_gender,compat,lr,wd=1e-05,0,compat_5fam,leace2attr,768,0.9368687542626694,0.45817567634354395,0.45817567634354395
rafdb,compat_B_gender,compat,lr,wd=0.001,0,compat_5fam,lda_shrink,4,0.9368687542626694,0.5637072621059811,0.5637072621059811
rafdb,compat_B_gender,compat,lr,wd=0.001,0,compat_5fam,vib_b1,4,0.9368687542626694,0.565721218950469,0.565721218950469
rafdb,compat_B_gender,compat,lr,wd=0.001,0,compat_5fam,adv2attr_lam03,4,0.9368687542626694,0.5479116626634641,0.5479116626634641
rafdb,compat_B_gender,compat,lr,wd=0.001,0,compat_5fam,leace2attr,768,0.9368687542626694,0.45817567634354395,0.45817567634354395
rafdb,compat_B_gender,compat,lr,wd=0.1,0,compat_5fam,lda_shrink,4,0.9364684340064644,0.564107582362186,0.564107582362186
rafdb,compat_B_gender,compat,lr,wd=0.1,0,compat_5fam,vib_b1,4,0.9364684340064644,0.565721218950469,0.565721218950469
rafdb,compat_B_gender,compat,lr,wd=0.1,0,compat_5fam,adv2attr_lam03,4,0.9364684340064644,0.5486542320275974,0.5486542320275974
rafdb,compat_B_gender,compat,lr,wd=0.1,0,compat_5fam,leace2attr,768,0.9364684340064644,0.4608617758404254,0.4608617758404254
rafdb,compat_B_gender,compat,mlp,"h=256,seed=0",0,compat_5fam,lda_shrink,4,0.9320649111882098,0.5522380867657088,0.5522380867657088
rafdb,compat_B_gender,compat,mlp,"h=256,seed=0",0,compat_5fam,vib_b1,4,0.9320649111882098,0.5537051863713193,0.5537051863713193
rafdb,compat_B_gender,compat,mlp,"h=256,seed=0",0,compat_5fam,adv2attr_lam03,4,0.9320649111882098,0.5416098310747364,0.5416098310747364
rafdb,compat_B_gender,compat,mlp,"h=256,seed=0",0,compat_5fam,leace2attr,768,0.9320649111882098,0.5551994682165485,0.5551994682165485
rafdb,compat_B_gender,compat,mlp,"h=256,seed=1",0,compat_5fam,lda_shrink,4,0.933733406478269,0.5616530261246034,0.5616530261246034
rafdb,compat_B_gender,compat,mlp,"h=256,seed=1",0,compat_5fam,vib_b1,4,0.933733406478269,0.556947286224041,0.556947286224041
rafdb,compat_B_gender,compat,mlp,"h=256,seed=1",0,compat_5fam,adv2attr_lam03,4,0.933733406478269,0.5435867212288349,0.5435867212288349
rafdb,compat_B_gender,compat,mlp,"h=256,seed=1",0,compat_5fam,leace2attr,768,0.933733406478269,0.5609139163182398,0.5609139163182398
rafdb,compat_B_gender,compat,mlp,"h=1024,seed=0",0,compat_5fam,lda_shrink,4,0.9341001196018544,0.5519630519230199,0.5519630519230199
rafdb,compat_B_gender,compat,mlp,"h=1024,seed=0",0,compat_5fam,vib_b1,4,0.9341001196018544,0.5618032697763149,0.5618032697763149
rafdb,compat_B_gender,compat,mlp,"h=1024,seed=0",0,compat_5fam,adv2attr_lam03,4,0.9341001196018544,0.5416251519734305,0.5416251519734305
rafdb,compat_B_gender,compat,mlp,"h=1024,seed=0",0,compat_5fam,leace2attr,768,0.9341001196018544,0.5846029910348032,0.5846029910348032
rafdb,compat_B_gender,compat,mlp,"h=1024,seed=1",0,compat_5fam,lda_shrink,4,0.9359519714537061,0.5618124128932775,0.5618124128932775
rafdb,compat_B_gender,compat,mlp,"h=1024,seed=1",0,compat_5fam,vib_b1,4,0.9359519714537061,0.5750476924749677,0.5750476924749677
rafdb,compat_B_gender,compat,mlp,"h=1024,seed=1",0,compat_5fam,adv2attr_lam03,4,0.9359519714537061,0.5467532050331623,0.5467532050331623
rafdb,compat_B_gender,compat,mlp,"h=1024,seed=1",0,compat_5fam,leace2attr,768,0.9359519714537061,0.5774582629066216,0.5774582629066216
rafdb,compat_B_gender,compat,rff,gamma x0.5,0,compat_5fam,lda_shrink,4,0.9417642756180253,0.5597769573683639,0.5597769573683639
rafdb,compat_B_gender,compat,rff,gamma x0.5,0,compat_5fam,vib_b1,4,0.9417642756180253,0.5588176714210875,0.5588176714210875
rafdb,compat_B_gender,compat,rff,gamma x0.5,0,compat_5fam,adv2attr_lam03,4,0.9417642756180253,0.5297593630459924,0.5297593630459924
rafdb,compat_B_gender,compat,rff,gamma x0.5,0,compat_5fam,leace2attr,768,0.9417642756180253,0.5601041326888672,0.5601041326888672
rafdb,compat_B_gender,compat,rff,gamma x2.0,0,compat_5fam,lda_shrink,4,0.9207368363826864,0.5314696201405569,0.5314696201405569
rafdb,compat_B_gender,compat,rff,gamma x2.0,0,compat_5fam,vib_b1,4,0.9207368363826864,0.5265283832003874,0.5265283832003874
rafdb,compat_B_gender,compat,rff,gamma x2.0,0,compat_5fam,adv2attr_lam03,4,0.9207368363826864,0.5202789392007433,0.5202789392007433
rafdb,compat_B_gender,compat,rff,gamma x2.0,0,compat_5fam,leace2attr,768,0.9207368363826864,0.6005149798851427,0.6005149798851427
rafdb,compat_B_gender,compat,tree,depth=None,0,compat_5fam,lda_shrink,4,0.937052110824462,0.5529739841255721,0.5529739841255721
rafdb,compat_B_gender,compat,tree,depth=None,0,compat_5fam,vib_b1,4,0.937052110824462,0.5485828168707806,0.5485828168707806
rafdb,compat_B_gender,compat,tree,depth=None,0,compat_5fam,adv2attr_lam03,4,0.937052110824462,0.5362430685288971,0.5362430685288971
rafdb,compat_B_gender,compat,tree,depth=None,0,compat_5fam,leace2attr,768,0.937052110824462,0.49846370923899613,0.49846370923899613
rafdb,compat_B_gender,compat,tree,depth=6,0,compat_5fam,lda_shrink,4,0.9384119641392126,0.5558068677163953,0.5558068677163953
rafdb,compat_B_gender,compat,tree,depth=6,0,compat_5fam,vib_b1,4,0.9384119641392126,0.5541324417558738,0.5541324417558738
rafdb,compat_B_gender,compat,tree,depth=6,0,compat_5fam,adv2attr_lam03,4,0.9384119641392126,0.536163745811464,0.536163745811464
rafdb,compat_B_gender,compat,tree,depth=6,0,compat_5fam,leace2attr,768,0.9384119641392126,0.49420993584991446,0.49420993584991446
rafdb,compat_B_gender,compat,knn,k=15,0,compat_5fam,lda_shrink,4,0.9101970465261098,0.536655497237296,0.536655497237296
rafdb,compat_B_gender,compat,knn,k=15,0,compat_5fam,vib_b1,4,0.9101970465261098,0.5380094198815842,0.5380094198815842
rafdb,compat_B_gender,compat,knn,k=15,0,compat_5fam,adv2attr_lam03,4,0.9101970465261098,0.5326920795895975,0.5326920795895975
rafdb,compat_B_gender,compat,knn,k=15,0,compat_5fam,leace2attr,768,0.9101970465261098,0.7979240182269272,0.7979240182269272
rafdb,compat_B_gender,compat,knn,k=50,0,compat_5fam,lda_shrink,4,0.9128495388903715,0.5316040486710356,0.5316040486710356
rafdb,compat_B_gender,compat,knn,k=50,0,compat_5fam,vib_b1,4,0.9128495388903715,0.5274053810949995,0.5274053810949995
rafdb,compat_B_gender,compat,knn,k=50,0,compat_5fam,adv2attr_lam03,4,0.9128495388903715,0.5257489942571341,0.5257489942571341
rafdb,compat_B_gender,compat,knn,k=50,0,compat_5fam,leace2attr,768,0.9128495388903715,0.7675088218723127,0.7675088218723127
rafdb,compat_B_gender,compat,lr,wd=1e-05,1,compat_5fam,lda_shrink,4,0.9367770759817731,0.5642909389239787,0.5642909389239787
rafdb,compat_B_gender,compat,lr,wd=1e-05,1,compat_5fam,vib_b1,4,0.9367770759817731,0.5666135377437753,0.5666135377437753
rafdb,compat_B_gender,compat,lr,wd=1e-05,1,compat_5fam,adv2attr_lam03,4,0.9367770759817731,0.5473860569937431,0.5473860569937431
rafdb,compat_B_gender,compat,lr,wd=1e-05,1,compat_5fam,leace2attr,768,0.9367770759817731,0.458025926914371,0.458025926914371
rafdb,compat_B_gender,compat,lr,wd=0.001,1,compat_5fam,lda_shrink,4,0.9367770759817731,0.5642909389239787,0.5642909389239787
rafdb,compat_B_gender,compat,lr,wd=0.001,1,compat_5fam,vib_b1,4,0.9367770759817731,0.5666135377437753,0.5666135377437753
rafdb,compat_B_gender,compat,lr,wd=0.001,1,compat_5fam,adv2attr_lam03,4,0.9367770759817731,0.5473860569937431,0.5473860569937431
rafdb,compat_B_gender,compat,lr,wd=0.001,1,compat_5fam,leace2attr,768,0.9367770759817731,0.458426247170576,0.458426247170576
rafdb,compat_B_gender,compat,lr,wd=0.1,1,compat_5fam,lda_shrink,4,0.9364684340064644,0.564507902618391,0.564507902618391
rafdb,compat_B_gender,compat,lr,wd=0.1,1,compat_5fam,vib_b1,4,0.9364684340064644,0.5664301811819826,0.5664301811819826
rafdb,compat_B_gender,compat,lr,wd=0.1,1,compat_5fam,adv2attr_lam03,4,0.9364684340064644,0.5487459103084937,0.5487459103084937
rafdb,compat_B_gender,compat,lr,wd=0.1,1,compat_5fam,leace2attr,768,0.9364684340064644,0.4601528136089118,0.4601528136089118
rafdb,compat_B_gender,compat,mlp,"h=256,seed=0",1,compat_5fam,lda_shrink,4,0.933733406478269,0.5616530261246034,0.5616530261246034
rafdb,compat_B_gender,compat,mlp,"h=256,seed=0",1,compat_5fam,vib_b1,4,0.933733406478269,0.556947286224041,0.556947286224041
rafdb,compat_B_gender,compat,mlp,"h=256,seed=0",1,compat_5fam,adv2attr_lam03,4,0.933733406478269,0.5435867212288349,0.5435867212288349
rafdb,compat_B_gender,compat,mlp,"h=256,seed=0",1,compat_5fam,leace2attr,768,0.933733406478269,0.5609139163182398,0.5609139163182398
rafdb,compat_B_gender,compat,mlp,"h=256,seed=1",1,compat_5fam,lda_shrink,4,0.9322818748826222,0.5517858731429588,0.5517858731429588
rafdb,compat_B_gender,compat,mlp,"h=256,seed=1",1,compat_5fam,vib_b1,4,0.9322818748826222,0.563193764888454,0.563193764888454
rafdb,compat_B_gender,compat,mlp,"h=256,seed=1",1,compat_5fam,adv2attr_lam03,4,0.9322818748826222,0.5429422550385987,0.5429422550385987
rafdb,compat_B_gender,compat,mlp,"h=256,seed=1",1,compat_5fam,leace2attr,768,0.9322818748826222,0.5712458855973668,0.5712458855973668
rafdb,compat_B_gender,compat,mlp,"h=1024,seed=0",1,compat_5fam,lda_shrink,4,0.9359519714537061,0.5618124128932775,0.5618124128932775
rafdb,compat_B_gender,compat,mlp,"h=1024,seed=0",1,compat_5fam,vib_b1,4,0.9359519714537061,0.5750476924749677,0.5750476924749677
rafdb,compat_B_gender,compat,mlp,"h=1024,seed=0",1,compat_5fam,adv2attr_lam03,4,0.9359519714537061,0.5467532050331623,0.5467532050331623
rafdb,compat_B_gender,compat,mlp,"h=1024,seed=0",1,compat_5fam,leace2attr,768,0.9359519714537061,0.5774582629066216,0.5774582629066216
rafdb,compat_B_gender,compat,mlp,"h=1024,seed=1",1,compat_5fam,lda_shrink,4,0.9345340469906789,0.5590927062637765,0.5590927062637765
rafdb,compat_B_gender,compat,mlp,"h=1024,seed=1",1,compat_5fam,vib_b1,4,0.9345340469906789,0.5761233678300666,0.5761233678300666
rafdb,compat_B_gender,compat,mlp,"h=1024,seed=1",1,compat_5fam,adv2attr_lam03,4,0.9345340469906789,0.5498121954353606,0.5498121954353606
rafdb,compat_B_gender,compat,mlp,"h=1024,seed=1",1,compat_5fam,leace2attr,768,0.9345340469906789,0.5732778815645109,0.5732778815645109
rafdb,compat_B_gender,compat,rff,gamma x0.5,1,compat_5fam,lda_shrink,4,0.9437658768990501,0.5599267067975368,0.5599267067975368
rafdb,compat_B_gender,compat,rff,gamma x0.5,1,compat_5fam,vib_b1,4,0.9437658768990501,0.5580751020569542,0.5580751020569542
rafdb,compat_B_gender,compat,rff,gamma x0.5,1,compat_5fam,adv2attr_lam03,4,0.9437658768990501,0.5315440006326049,0.5315440006326049
rafdb,compat_B_gender,compat,rff,gamma x0.5,1,compat_5fam,leace2attr,768,0.9437658768990501,0.5555263964257826,0.5555263964257826
rafdb,compat_B_gender,compat,rff,gamma x2.0,1,compat_5fam,lda_shrink,4,0.9294949539878816,0.5438674396307169,0.5438674396307169
rafdb,compat_B_gender,compat,rff,gamma x2.0,1,compat_5fam,vib_b1,4,0.9294949539878816,0.5379819905306962,0.5379819905306962
rafdb,compat_B_gender,compat,rff,gamma x2.0,1,compat_5fam,adv2attr_lam03,4,0.9294949539878816,0.5261280629441825,0.5261280629441825
rafdb,compat_B_gender,compat,rff,gamma x2.0,1,compat_5fam,leace2attr,768,0.9294949539878816,0.6233851278553707,0.6233851278553707
rafdb,compat_B_gender,compat,tree,depth=None,1,compat_5fam,lda_shrink,4,0.9381950004448003,0.5575363994899624,0.5575363994899624
rafdb,compat_B_gender,compat,tree,depth=None,1,compat_5fam,vib_b1,4,0.9381950004448003,0.5443626506143187,0.5443626506143187
rafdb,compat_B_gender,compat,tree,depth=None,1,compat_5fam,adv2attr_lam03,4,0.9381950004448003,0.5349840366120057,0.5349840366120057
rafdb,compat_B_gender,compat,tree,depth=None,1,compat_5fam,leace2attr,768,0.9381950004448003,0.4984301021063765,0.4984301021063765
rafdb,compat_B_gender,compat,tree,depth=6,1,compat_5fam,lda_shrink,4,0.9378863584694916,0.5569435795550021,0.5569435795550021
rafdb,compat_B_gender,compat,tree,depth=6,1,compat_5fam,vib_b1,4,0.9378863584694916,0.5476294615939665,0.5476294615939665
rafdb,compat_B_gender,compat,tree,depth=6,1,compat_5fam,adv2attr_lam03,4,0.9378863584694916,0.5314117961035495,0.5314117961035495
rafdb,compat_B_gender,compat,tree,depth=6,1,compat_5fam,leace2attr,768,0.9378863584694916,0.49385854362502346,0.49385854362502346
rafdb,compat_B_gender,compat,knn,k=15,1,compat_5fam,lda_shrink,4,0.9101970465261098,0.536655497237296,0.536655497237296
rafdb,compat_B_gender,compat,knn,k=15,1,compat_5fam,vib_b1,4,0.9101970465261098,0.5380094198815842,0.5380094198815842
rafdb,compat_B_gender,compat,knn,k=15,1,compat_5fam,adv2attr_lam03,4,0.9101970465261098,0.5326920795895975,0.5326920795895975
rafdb,compat_B_gender,compat,knn,k=15,1,compat_5fam,leace2attr,768,0.9101970465261098,0.7979240182269272,0.7979240182269272
rafdb,compat_B_gender,compat,knn,k=50,1,compat_5fam,lda_shrink,4,0.9128495388903715,0.5316040486710356,0.5316040486710356
rafdb,compat_B_gender,compat,knn,k=50,1,compat_5fam,vib_b1,4,0.9128495388903715,0.5274053810949995,0.5274053810949995
rafdb,compat_B_gender,compat,knn,k=50,1,compat_5fam,adv2attr_lam03,4,0.9128495388903715,0.5257489942571341,0.5257489942571341
rafdb,compat_B_gender,compat,knn,k=50,1,compat_5fam,leace2attr,768,0.9128495388903715,0.7675088218723127,0.7675088218723127
rafdb,compat_B_gender,compat,lr,wd=1e-05,2,compat_5fam,lda_shrink,4,0.9367770759817731,0.564107582362186,0.564107582362186
rafdb,compat_B_gender,compat,lr,wd=1e-05,2,compat_5fam,vib_b1,4,0.9367770759817731,0.5662132174875703,0.5662132174875703
rafdb,compat_B_gender,compat,lr,wd=1e-05,2,compat_5fam,adv2attr_lam03,4,0.9367770759817731,0.5480033409443604,0.5480033409443604
rafdb,compat_B_gender,compat,lr,wd=1e-05,2,compat_5fam,leace2attr,768,0.9367770759817731,0.45833456888967966,0.45833456888967966
rafdb,compat_B_gender,compat,lr,wd=0.001,2,compat_5fam,lda_shrink,4,0.9367770759817731,0.564107582362186,0.564107582362186
rafdb,compat_B_gender,compat,lr,wd=0.001,2,compat_5fam,vib_b1,4,0.9367770759817731,0.5662132174875703,0.5662132174875703
rafdb,compat_B_gender,compat,lr,wd=0.001,2,compat_5fam,adv2attr_lam03,4,0.9367770759817731,0.5476030206881555,0.5476030206881555
rafdb,compat_B_gender,compat,lr,wd=0.001,2,compat_5fam,leace2attr,768,0.9367770759817731,0.45833456888967966,0.45833456888967966
rafdb,compat_B_gender,compat,lr,wd=0.1,2,compat_5fam,lda_shrink,4,0.9367770759817731,0.5639242258003934,0.5639242258003934
rafdb,compat_B_gender,compat,lr,wd=0.1,2,compat_5fam,vib_b1,4,0.9367770759817731,0.5660298609257777,0.5660298609257777
rafdb,compat_B_gender,compat,lr,wd=0.1,2,compat_5fam,adv2attr_lam03,4,0.9367770759817731,0.5486542320275974,0.5486542320275974
rafdb,compat_B_gender,compat,lr,wd=0.1,2,compat_5fam,leace2attr,768,0.9367770759817731,0.46268002055965757,0.46268002055965757
rafdb,compat_B_gender,compat,mlp,"h=256,seed=0",2,compat_5fam,lda_shrink,4,0.9322818748826222,0.5517858731429588,0.5517858731429588
rafdb,compat_B_gender,compat,mlp,"h=256,seed=0",2,compat_5fam,vib_b1,4,0.9322818748826222,0.563193764888454,0.563193764888454
rafdb,compat_B_gender,compat,mlp,"h=256,seed=0",2,compat_5fam,adv2attr_lam03,4,0.9322818748826222,0.5429422550385987,0.5429422550385987
rafdb,compat_B_gender,compat,mlp,"h=256,seed=0",2,compat_5fam,leace2attr,768,0.9322818748826222,0.5712458855973668,0.5712458855973668
rafdb,compat_B_gender,compat,mlp,"h=256,seed=1",2,compat_5fam,lda_shrink,4,0.9336417281973728,0.556161719499056,0.556161719499056
rafdb,compat_B_gender,compat,mlp,"h=256,seed=1",2,compat_5fam,vib_b1,4,0.9336417281973728,0.5570359991697061,0.5570359991697061
rafdb,compat_B_gender,compat,mlp,"h=256,seed=1",2,compat_5fam,adv2attr_lam03,4,0.9336417281973728,0.5392536251223201,0.5392536251223201
rafdb,compat_B_gender,compat,mlp,"h=256,seed=1",2,compat_5fam,leace2attr,768,0.9336417281973728,0.5716064209392204,0.5716064209392204
rafdb,compat_B_gender,compat,mlp,"h=1024,seed=0",2,compat_5fam,lda_shrink,4,0.9345340469906789,0.5590927062637765,0.5590927062637765
rafdb,compat_B_gender,compat,mlp,"h=1024,seed=0",2,compat_5fam,vib_b1,4,0.9345340469906789,0.5761233678300666,0.5761233678300666
rafdb,compat_B_gender,compat,mlp,"h=1024,seed=0",2,compat_5fam,adv2attr_lam03,4,0.9345340469906789,0.5498121954353606,0.5498121954353606
rafdb,compat_B_gender,compat,mlp,"h=1024,seed=0",2,compat_5fam,leace2attr,768,0.9345340469906789,0.5732778815645109,0.5732778815645109
rafdb,compat_B_gender,compat,mlp,"h=1024,seed=1",2,compat_5fam,lda_shrink,4,0.9353682946357085,0.5499187003924126,0.5499187003924126
rafdb,compat_B_gender,compat,mlp,"h=1024,seed=1",2,compat_5fam,vib_b1,4,0.9353682946357085,0.5612685209896312,0.5612685209896312
rafdb,compat_B_gender,compat,mlp,"h=1024,seed=1",2,compat_5fam,adv2attr_lam03,4,0.9353682946357085,0.5413654380294359,0.5413654380294359
rafdb,compat_B_gender,compat,mlp,"h=1024,seed=1",2,compat_5fam,leace2attr,768,0.9353682946357085,0.5746775197936127,0.5746775197936127
rafdb,compat_B_gender,compat,rff,gamma x0.5,2,compat_5fam,lda_shrink,4,0.937727465923356,0.5488610641599699,0.5488610641599699
rafdb,compat_B_gender,compat,rff,gamma x0.5,2,compat_5fam,vib_b1,4,0.937727465923356,0.5477428856665579,0.5477428856665579
rafdb,compat_B_gender,compat,rff,gamma x0.5,2,compat_5fam,adv2attr_lam03,4,0.937727465923356,0.5273875890836126,0.5273875890836126
rafdb,compat_B_gender,compat,rff,gamma x0.5,2,compat_5fam,leace2attr,768,0.937727465923356,0.5714475283930849,0.5714475283930849
rafdb,compat_B_gender,compat,rff,gamma x2.0,2,compat_5fam,lda_shrink,4,0.9276431021360299,0.5289606994237365,0.5289606994237365
rafdb,compat_B_gender,compat,rff,gamma x2.0,2,compat_5fam,vib_b1,4,0.9276431021360299,0.5228703950814974,0.5228703950814974
rafdb,compat_B_gender,compat,rff,gamma x2.0,2,compat_5fam,adv2attr_lam03,4,0.9276431021360299,0.51365067362532,0.51365067362532
rafdb,compat_B_gender,compat,rff,gamma x2.0,2,compat_5fam,leace2attr,768,0.9276431021360299,0.6205248149136593,0.6205248149136593
rafdb,compat_B_gender,compat,tree,depth=None,2,compat_5fam,lda_shrink,4,0.9395212466269312,0.5553576194288764,0.5553576194288764
rafdb,compat_B_gender,compat,tree,depth=None,2,compat_5fam,vib_b1,4,0.9395212466269312,0.5434063300022735,0.5434063300022735
rafdb,compat_B_gender,compat,tree,depth=None,2,compat_5fam,adv2attr_lam03,4,0.9395212466269312,0.5402677697713726,0.5402677697713726
rafdb,compat_B_gender,compat,tree,depth=None,2,compat_5fam,leace2attr,768,0.9395212466269312,0.4980206387332088,0.4980206387332088
rafdb,compat_B_gender,compat,tree,depth=6,2,compat_5fam,lda_shrink,4,0.9385372495527287,0.5558006899346638,0.5558006899346638
rafdb,compat_B_gender,compat,tree,depth=6,2,compat_5fam,vib_b1,4,0.9385372495527287,0.5426148326068262,0.5426148326068262
rafdb,compat_B_gender,compat,tree,depth=6,2,compat_5fam,adv2attr_lam03,4,0.9385372495527287,0.5349810712767745,0.5349810712767745
rafdb,compat_B_gender,compat,tree,depth=6,2,compat_5fam,leace2attr,768,0.9385372495527287,0.5002147396929889,0.5002147396929889
rafdb,compat_B_gender,compat,knn,k=15,2,compat_5fam,lda_shrink,4,0.9101970465261098,0.536655497237296,0.536655497237296
rafdb,compat_B_gender,compat,knn,k=15,2,compat_5fam,vib_b1,4,0.9101970465261098,0.5380094198815842,0.5380094198815842
rafdb,compat_B_gender,compat,knn,k=15,2,compat_5fam,adv2attr_lam03,4,0.9101970465261098,0.5326920795895975,0.5326920795895975
rafdb,compat_B_gender,compat,knn,k=15,2,compat_5fam,leace2attr,768,0.9101970465261098,0.7979240182269272,0.7979240182269272
rafdb,compat_B_gender,compat,knn,k=50,2,compat_5fam,lda_shrink,4,0.9128495388903715,0.5316040486710356,0.5316040486710356
rafdb,compat_B_gender,compat,knn,k=50,2,compat_5fam,vib_b1,4,0.9128495388903715,0.5274053810949995,0.5274053810949995
rafdb,compat_B_gender,compat,knn,k=50,2,compat_5fam,adv2attr_lam03,4,0.9128495388903715,0.5257489942571341,0.5257489942571341
rafdb,compat_B_gender,compat,knn,k=50,2,compat_5fam,leace2attr,768,0.9128495388903715,0.7675088218723127,0.7675088218723127
rafdb,compat_B_race,compat,lr,wd=1e-05,0,compat_5fam,lda_shrink,4,0.8164966185050145,0.3333333333333333,0.3333333333333333
rafdb,compat_B_race,compat,lr,wd=1e-05,0,compat_5fam,vib_b1,4,0.8164966185050145,0.3333333333333333,0.3333333333333333
rafdb,compat_B_race,compat,lr,wd=1e-05,0,compat_5fam,adv2attr_lam03,4,0.8164966185050145,0.3333333333333333,0.3333333333333333
rafdb,compat_B_race,compat,lr,wd=1e-05,0,compat_5fam,leace2attr,768,0.8164966185050145,0.3289184405823024,0.3289184405823024
rafdb,compat_B_race,compat,lr,wd=0.001,0,compat_5fam,lda_shrink,4,0.8164966185050145,0.3333333333333333,0.3333333333333333
rafdb,compat_B_race,compat,lr,wd=0.001,0,compat_5fam,vib_b1,4,0.8164966185050145,0.3333333333333333,0.3333333333333333
rafdb,compat_B_race,compat,lr,wd=0.001,0,compat_5fam,adv2attr_lam03,4,0.8164966185050145,0.3333333333333333,0.3333333333333333
rafdb,compat_B_race,compat,lr,wd=0.001,0,compat_5fam,leace2attr,768,0.8164966185050145,0.3289184405823024,0.3289184405823024
rafdb,compat_B_race,compat,lr,wd=0.1,0,compat_5fam,lda_shrink,4,0.8180186643930102,0.3333333333333333,0.3333333333333333
rafdb,compat_B_race,compat,lr,wd=0.1,0,compat_5fam,vib_b1,4,0.8180186643930102,0.3331915496951652,0.3331915496951652
rafdb,compat_B_race,compat,lr,wd=0.1,0,compat_5fam,adv2attr_lam03,4,0.8180186643930102,0.3333333333333333,0.3333333333333333
rafdb,compat_B_race,compat,lr,wd=0.1,0,compat_5fam,leace2attr,768,0.8180186643930102,0.3264039092271297,0.3264039092271297
rafdb,compat_B_race,compat,mlp,"h=256,seed=0",0,compat_5fam,lda_shrink,4,0.8029303397047003,0.3333333333333333,0.3333333333333333
rafdb,compat_B_race,compat,mlp,"h=256,seed=0",0,compat_5fam,vib_b1,4,0.8029303397047003,0.3333333333333333,0.3333333333333333
rafdb,compat_B_race,compat,mlp,"h=256,seed=0",0,compat_5fam,adv2attr_lam03,4,0.8029303397047003,0.3333333333333333,0.3333333333333333
rafdb,compat_B_race,compat,mlp,"h=256,seed=0",0,compat_5fam,leace2attr,768,0.8029303397047003,0.34975405690919903,0.34975405690919903
rafdb,compat_B_race,compat,mlp,"h=256,seed=1",0,compat_5fam,lda_shrink,4,0.8047801920437062,0.33146812994426406,0.33146812994426406
rafdb,compat_B_race,compat,mlp,"h=256,seed=1",0,compat_5fam,vib_b1,4,0.8047801920437062,0.34501448512137767,0.34501448512137767
rafdb,compat_B_race,compat,mlp,"h=256,seed=1",0,compat_5fam,adv2attr_lam03,4,0.8047801920437062,0.3406379794040919,0.3406379794040919
rafdb,compat_B_race,compat,mlp,"h=256,seed=1",0,compat_5fam,leace2attr,768,0.8047801920437062,0.350412070882546,0.350412070882546
rafdb,compat_B_race,compat,mlp,"h=1024,seed=0",0,compat_5fam,lda_shrink,4,0.8107805520839753,0.35183389650498925,0.35183389650498925
rafdb,compat_B_race,compat,mlp,"h=1024,seed=0",0,compat_5fam,vib_b1,4,0.8107805520839753,0.35010167031693484,0.35010167031693484
rafdb,compat_B_race,compat,mlp,"h=1024,seed=0",0,compat_5fam,adv2attr_lam03,4,0.8107805520839753,0.33525871404295016,0.33525871404295016
rafdb,compat_B_race,compat,mlp,"h=1024,seed=0",0,compat_5fam,leace2attr,768,0.8107805520839753,0.3506168807613151,0.3506168807613151
rafdb,compat_B_race,compat,mlp,"h=1024,seed=1",0,compat_5fam,lda_shrink,4,0.8078715789033323,0.3564138309205163,0.3564138309205163
rafdb,compat_B_race,compat,mlp,"h=1024,seed=1",0,compat_5fam,vib_b1,4,0.8078715789033323,0.3437128937101197,0.3437128937101197
rafdb,compat_B_race,compat,mlp,"h=1024,seed=1",0,compat_5fam,adv2attr_lam03,4,0.8078715789033323,0.3289826598316972,0.3289826598316972
rafdb,compat_B_race,compat,mlp,"h=1024,seed=1",0,compat_5fam,leace2attr,768,0.8078715789033323,0.3461161704092557,0.3461161704092557
rafdb,compat_B_race,compat,rff,gamma x0.5,0,compat_5fam,lda_shrink,4,0.8395067662077075,0.3333333333333333,0.3333333333333333
rafdb,compat_B_race,compat,rff,gamma x0.5,0,compat_5fam,vib_b1,4,0.8395067662077075,0.3333333333333333,0.3333333333333333
rafdb,compat_B_race,compat,rff,gamma x0.5,0,compat_5fam,adv2attr_lam03,4,0.8395067662077075,0.3333333333333333,0.3333333333333333
rafdb,compat_B_race,compat,rff,gamma x0.5,0,compat_5fam,leace2attr,768,0.8395067662077075,0.37217089160757905,0.37217089160757905
rafdb,compat_B_race,compat,rff,gamma x2.0,0,compat_5fam,lda_shrink,4,0.8115348309530249,0.33313518849738405,0.33313518849738405
rafdb,compat_B_race,compat,rff,gamma x2.0,0,compat_5fam,vib_b1,4,0.8115348309530249,0.34332834595442546,0.34332834595442546
rafdb,compat_B_race,compat,rff,gamma x2.0,0,compat_5fam,adv2attr_lam03,4,0.8115348309530249,0.3328243212658725,0.3328243212658725
rafdb,compat_B_race,compat,rff,gamma x2.0,0,compat_5fam,leace2attr,768,0.8115348309530249,0.39866187768098155,0.39866187768098155
rafdb,compat_B_race,compat,tree,depth=None,0,compat_5fam,lda_shrink,4,0.8077279474187358,0.3331915496951652,0.3331915496951652
rafdb,compat_B_race,compat,tree,depth=None,0,compat_5fam,vib_b1,4,0.8077279474187358,0.3333333333333333,0.3333333333333333
rafdb,compat_B_race,compat,tree,depth=None,0,compat_5fam,adv2attr_lam03,4,0.8077279474187358,0.3333333333333333,0.3333333333333333
rafdb,compat_B_race,compat,tree,depth=None,0,compat_5fam,leace2attr,768,0.8077279474187358,0.35109739986480687,0.35109739986480687
rafdb,compat_B_race,compat,tree,depth=6,0,compat_5fam,lda_shrink,4,0.8142645329226431,0.3344300283068245,0.3344300283068245
rafdb,compat_B_race,compat,tree,depth=6,0,compat_5fam,vib_b1,4,0.8142645329226431,0.33290798241882885,0.33290798241882885
rafdb,compat_B_race,compat,tree,depth=6,0,compat_5fam,adv2attr_lam03,4,0.8142645329226431,0.3333333333333333,0.3333333333333333
rafdb,compat_B_race,compat,tree,depth=6,0,compat_5fam,leace2attr,768,0.8142645329226431,0.35823258223531923,0.35823258223531923
rafdb,compat_B_race,compat,knn,k=15,0,compat_5fam,lda_shrink,4,0.7126264836767305,0.3333333333333333,0.3333333333333333
rafdb,compat_B_race,compat,knn,k=15,0,compat_5fam,vib_b1,4,0.7126264836767305,0.3333333333333333,0.3333333333333333
rafdb,compat_B_race,compat,knn,k=15,0,compat_5fam,adv2attr_lam03,4,0.7126264836767305,0.3333333333333333,0.3333333333333333
rafdb,compat_B_race,compat,knn,k=15,0,compat_5fam,leace2attr,768,0.7126264836767305,0.48313035135478866,0.48313035135478866
rafdb,compat_B_race,compat,knn,k=50,0,compat_5fam,lda_shrink,4,0.6659997032456485,0.3333333333333333,0.3333333333333333
rafdb,compat_B_race,compat,knn,k=50,0,compat_5fam,vib_b1,4,0.6659997032456485,0.3333333333333333,0.3333333333333333
rafdb,compat_B_race,compat,knn,k=50,0,compat_5fam,adv2attr_lam03,4,0.6659997032456485,0.3333333333333333,0.3333333333333333
rafdb,compat_B_race,compat,knn,k=50,0,compat_5fam,leace2attr,768,0.6659997032456485,0.4323017224465267,0.4323017224465267
rafdb,compat_B_race,compat,lr,wd=1e-05,1,compat_5fam,lda_shrink,4,0.8171867496299283,0.3333333333333333,0.3333333333333333
rafdb,compat_B_race,compat,lr,wd=1e-05,1,compat_5fam,vib_b1,4,0.8171867496299283,0.3333333333333333,0.3333333333333333
rafdb,compat_B_race,compat,lr,wd=1e-05,1,compat_5fam,adv2attr_lam03,4,0.8171867496299283,0.3333333333333333,0.3333333333333333
rafdb,compat_B_race,compat,lr,wd=1e-05,1,compat_5fam,leace2attr,768,0.8171867496299283,0.3272733981220657,0.3272733981220657
rafdb,compat_B_race,compat,lr,wd=0.001,1,compat_5fam,lda_shrink,4,0.8171867496299283,0.3333333333333333,0.3333333333333333
rafdb,compat_B_race,compat,lr,wd=0.001,1,compat_5fam,vib_b1,4,0.8171867496299283,0.3333333333333333,0.3333333333333333
rafdb,compat_B_race,compat,lr,wd=0.001,1,compat_5fam,adv2attr_lam03,4,0.8171867496299283,0.3333333333333333,0.3333333333333333
rafdb,compat_B_race,compat,lr,wd=0.001,1,compat_5fam,leace2attr,768,0.8171867496299283,0.3272733981220657,0.3272733981220657
rafdb,compat_B_race,compat,lr,wd=0.1,1,compat_5fam,lda_shrink,4,0.8186300381203567,0.3333333333333333,0.3333333333333333
rafdb,compat_B_race,compat,lr,wd=0.1,1,compat_5fam,vib_b1,4,0.8186300381203567,0.3331915496951652,0.3331915496951652
rafdb,compat_B_race,compat,lr,wd=0.1,1,compat_5fam,adv2attr_lam03,4,0.8186300381203567,0.3333333333333333,0.3333333333333333
rafdb,compat_B_race,compat,lr,wd=0.1,1,compat_5fam,leace2attr,768,0.8186300381203567,0.3283700930955568,0.3283700930955568
rafdb,compat_B_race,compat,mlp,"h=256,seed=0",1,compat_5fam,lda_shrink,4,0.8047801920437062,0.33146812994426406,0.33146812994426406
rafdb,compat_B_race,compat,mlp,"h=256,seed=0",1,compat_5fam,vib_b1,4,0.8047801920437062,0.34501448512137767,0.34501448512137767
rafdb,compat_B_race,compat,mlp,"h=256,seed=0",1,compat_5fam,adv2attr_lam03,4,0.8047801920437062,0.3406379794040919,0.3406379794040919
rafdb,compat_B_race,compat,mlp,"h=256,seed=0",1,compat_5fam,leace2attr,768,0.8047801920437062,0.350412070882546,0.350412070882546
rafdb,compat_B_race,compat,mlp,"h=256,seed=1",1,compat_5fam,lda_shrink,4,0.8027352507777118,0.3333333333333333,0.3333333333333333
rafdb,compat_B_race,compat,mlp,"h=256,seed=1",1,compat_5fam,vib_b1,4,0.8027352507777118,0.3333333333333333,0.3333333333333333
rafdb,compat_B_race,compat,mlp,"h=256,seed=1",1,compat_5fam,adv2attr_lam03,4,0.8027352507777118,0.3331915496951652,0.3331915496951652
rafdb,compat_B_race,compat,mlp,"h=256,seed=1",1,compat_5fam,leace2attr,768,0.8027352507777118,0.35180566321801326,0.35180566321801326
rafdb,compat_B_race,compat,mlp,"h=1024,seed=0",1,compat_5fam,lda_shrink,4,0.8078715789033323,0.3564138309205163,0.3564138309205163
rafdb,compat_B_race,compat,mlp,"h=1024,seed=0",1,compat_5fam,vib_b1,4,0.8078715789033323,0.3437128937101197,0.3437128937101197
rafdb,compat_B_race,compat,mlp,"h=1024,seed=0",1,compat_5fam,adv2attr_lam03,4,0.8078715789033323,0.3289826598316972,0.3289826598316972
rafdb,compat_B_race,compat,mlp,"h=1024,seed=0",1,compat_5fam,leace2attr,768,0.8078715789033323,0.3461161704092557,0.3461161704092557
rafdb,compat_B_race,compat,mlp,"h=1024,seed=1",1,compat_5fam,lda_shrink,4,0.8073577496394799,0.3484633794585157,0.3484633794585157
rafdb,compat_B_race,compat,mlp,"h=1024,seed=1",1,compat_5fam,vib_b1,4,0.8073577496394799,0.3352073431595559,0.3352073431595559
rafdb,compat_B_race,compat,mlp,"h=1024,seed=1",1,compat_5fam,adv2attr_lam03,4,0.8073577496394799,0.33341200417190286,0.33341200417190286
rafdb,compat_B_race,compat,mlp,"h=1024,seed=1",1,compat_5fam,leace2attr,768,0.8073577496394799,0.34699898938983137,0.34699898938983137
rafdb,compat_B_race,compat,rff,gamma x0.5,1,compat_5fam,lda_shrink,4,0.8414008577213874,0.3333333333333333,0.3333333333333333
rafdb,compat_B_race,compat,rff,gamma x0.5,1,compat_5fam,vib_b1,4,0.8414008577213874,0.3333333333333333,0.3333333333333333
rafdb,compat_B_race,compat,rff,gamma x0.5,1,compat_5fam,adv2attr_lam03,4,0.8414008577213874,0.3333333333333333,0.3333333333333333
rafdb,compat_B_race,compat,rff,gamma x0.5,1,compat_5fam,leace2attr,768,0.8414008577213874,0.3526859945682648,0.3526859945682648
rafdb,compat_B_race,compat,rff,gamma x2.0,1,compat_5fam,lda_shrink,4,0.8176303343854618,0.3333333333333333,0.3333333333333333
rafdb,compat_B_race,compat,rff,gamma x2.0,1,compat_5fam,vib_b1,4,0.8176303343854618,0.3338816808200789,0.3338816808200789
rafdb,compat_B_race,compat,rff,gamma x2.0,1,compat_5fam,adv2attr_lam03,4,0.8176303343854618,0.3333333333333333,0.3333333333333333
rafdb,compat_B_race,compat,rff,gamma x2.0,1,compat_5fam,leace2attr,768,0.8176303343854618,0.36400195394517887,0.36400195394517887
rafdb,compat_B_race,compat,tree,depth=None,1,compat_5fam,lda_shrink,4,0.8109550060986083,0.335026224102103,0.335026224102103
rafdb,compat_B_race,compat,tree,depth=None,1,compat_5fam,vib_b1,4,0.8109550060986083,0.33288919535290185,0.33288919535290185
rafdb,compat_B_race,compat,tree,depth=None,1,compat_5fam,adv2attr_lam03,4,0.8109550060986083,0.3338628937541519,0.3338628937541519
rafdb,compat_B_race,compat,tree,depth=None,1,compat_5fam,leace2attr,768,0.8109550060986083,0.3484537601194713,0.3484537601194713
rafdb,compat_B_race,compat,tree,depth=6,1,compat_5fam,lda_shrink,4,0.8106690377509457,0.3331915496951652,0.3331915496951652
rafdb,compat_B_race,compat,tree,depth=6,1,compat_5fam,vib_b1,4,0.8106690377509457,0.3333333333333333,0.3333333333333333
rafdb,compat_B_race,compat,tree,depth=6,1,compat_5fam,adv2attr_lam03,4,0.8106690377509457,0.3331915496951652,0.3331915496951652
rafdb,compat_B_race,compat,tree,depth=6,1,compat_5fam,leace2attr,768,0.8106690377509457,0.35100707366903067,0.35100707366903067
rafdb,compat_B_race,compat,knn,k=15,1,compat_5fam,lda_shrink,4,0.7126264836767305,0.3333333333333333,0.3333333333333333
rafdb,compat_B_race,compat,knn,k=15,1,compat_5fam,vib_b1,4,0.7126264836767305,0.3333333333333333,0.3333333333333333
rafdb,compat_B_race,compat,knn,k=15,1,compat_5fam,adv2attr_lam03,4,0.7126264836767305,0.3333333333333333,0.3333333333333333
rafdb,compat_B_race,compat,knn,k=15,1,compat_5fam,leace2attr,768,0.7126264836767305,0.48313035135478866,0.48313035135478866
rafdb,compat_B_race,compat,knn,k=50,1,compat_5fam,lda_shrink,4,0.6659997032456485,0.3333333333333333,0.3333333333333333
rafdb,compat_B_race,compat,knn,k=50,1,compat_5fam,vib_b1,4,0.6659997032456485,0.3333333333333333,0.3333333333333333
rafdb,compat_B_race,compat,knn,k=50,1,compat_5fam,adv2attr_lam03,4,0.6659997032456485,0.3333333333333333,0.3333333333333333
rafdb,compat_B_race,compat,knn,k=50,1,compat_5fam,leace2attr,768,0.6659997032456485,0.4323017224465267,0.4323017224465267
rafdb,compat_B_race,compat,lr,wd=1e-05,2,compat_5fam,lda_shrink,4,0.8167801857813508,0.3333333333333333,0.3333333333333333
rafdb,compat_B_race,compat,lr,wd=1e-05,2,compat_5fam,vib_b1,4,0.8167801857813508,0.3333333333333333,0.3333333333333333
rafdb,compat_B_race,compat,lr,wd=1e-05,2,compat_5fam,adv2attr_lam03,4,0.8167801857813508,0.3333333333333333,0.3333333333333333
rafdb,compat_B_race,compat,lr,wd=1e-05,2,compat_5fam,leace2attr,768,0.8167801857813508,0.32906022422047054,0.32906022422047054
rafdb,compat_B_race,compat,lr,wd=0.001,2,compat_5fam,lda_shrink,4,0.8167801857813508,0.3333333333333333,0.3333333333333333
rafdb,compat_B_race,compat,lr,wd=0.001,2,compat_5fam,vib_b1,4,0.8167801857813508,0.3333333333333333,0.3333333333333333
rafdb,compat_B_race,compat,lr,wd=0.001,2,compat_5fam,adv2attr_lam03,4,0.8167801857813508,0.3333333333333333,0.3333333333333333
rafdb,compat_B_race,compat,lr,wd=0.001,2,compat_5fam,leace2attr,768,0.8167801857813508,0.32906022422047054,0.32906022422047054
rafdb,compat_B_race,compat,lr,wd=0.1,2,compat_5fam,lda_shrink,4,0.818894818330766,0.3333333333333333,0.3333333333333333
rafdb,compat_B_race,compat,lr,wd=0.1,2,compat_5fam,vib_b1,4,0.818894818330766,0.3331915496951652,0.3331915496951652
rafdb,compat_B_race,compat,lr,wd=0.1,2,compat_5fam,adv2attr_lam03,4,0.818894818330766,0.3333333333333333,0.3333333333333333
rafdb,compat_B_race,compat,lr,wd=0.1,2,compat_5fam,leace2attr,768,0.818894818330766,0.329466788069048,0.329466788069048
rafdb,compat_B_race,compat,mlp,"h=256,seed=0",2,compat_5fam,lda_shrink,4,0.8027352507777118,0.3333333333333333,0.3333333333333333
rafdb,compat_B_race,compat,mlp,"h=256,seed=0",2,compat_5fam,vib_b1,4,0.8027352507777118,0.3333333333333333,0.3333333333333333
rafdb,compat_B_race,compat,mlp,"h=256,seed=0",2,compat_5fam,adv2attr_lam03,4,0.8027352507777118,0.3331915496951652,0.3331915496951652
rafdb,compat_B_race,compat,mlp,"h=256,seed=0",2,compat_5fam,leace2attr,768,0.8027352507777118,0.35180566321801326,0.35180566321801326
rafdb,compat_B_race,compat,mlp,"h=256,seed=1",2,compat_5fam,lda_shrink,4,0.8026655594942911,0.33938570404089236,0.33938570404089236
rafdb,compat_B_race,compat,mlp,"h=256,seed=1",2,compat_5fam,vib_b1,4,0.8026655594942911,0.34079502753332575,0.34079502753332575
rafdb,compat_B_race,compat,mlp,"h=256,seed=1",2,compat_5fam,adv2attr_lam03,4,0.8026655594942911,0.34007583516580614,0.34007583516580614
rafdb,compat_B_race,compat,mlp,"h=256,seed=1",2,compat_5fam,leace2attr,768,0.8026655594942911,0.34415665158364844,0.34415665158364844
rafdb,compat_B_race,compat,mlp,"h=1024,seed=0",2,compat_5fam,lda_shrink,4,0.8073577496394799,0.3484633794585157,0.3484633794585157
rafdb,compat_B_race,compat,mlp,"h=1024,seed=0",2,compat_5fam,vib_b1,4,0.8073577496394799,0.3352073431595559,0.3352073431595559
rafdb,compat_B_race,compat,mlp,"h=1024,seed=0",2,compat_5fam,adv2attr_lam03,4,0.8073577496394799,0.33341200417190286,0.33341200417190286
rafdb,compat_B_race,compat,mlp,"h=1024,seed=0",2,compat_5fam,leace2attr,768,0.8073577496394799,0.34699898938983137,0.34699898938983137
rafdb,compat_B_race,compat,mlp,"h=1024,seed=1",2,compat_5fam,lda_shrink,4,0.8077552473739109,0.3407677275781505,0.3407677275781505
rafdb,compat_B_race,compat,mlp,"h=1024,seed=1",2,compat_5fam,vib_b1,4,0.8077552473739109,0.3413912233286043,0.3413912233286043
rafdb,compat_B_race,compat,mlp,"h=1024,seed=1",2,compat_5fam,adv2attr_lam03,4,0.8077552473739109,0.33100168232304417,0.33100168232304417
rafdb,compat_B_race,compat,mlp,"h=1024,seed=1",2,compat_5fam,leace2attr,768,0.8077552473739109,0.34474257320224805,0.34474257320224805
rafdb,compat_B_race,compat,rff,gamma x0.5,2,compat_5fam,lda_shrink,4,0.8406477003558726,0.3333333333333333,0.3333333333333333
rafdb,compat_B_race,compat,rff,gamma x0.5,2,compat_5fam,vib_b1,4,0.8406477003558726,0.3333333333333333,0.3333333333333333
rafdb,compat_B_race,compat,rff,gamma x0.5,2,compat_5fam,adv2attr_lam03,4,0.8406477003558726,0.3333333333333333,0.3333333333333333
rafdb,compat_B_race,compat,rff,gamma x0.5,2,compat_5fam,leace2attr,768,0.8406477003558726,0.35864211543385993,0.35864211543385993
rafdb,compat_B_race,compat,rff,gamma x2.0,2,compat_5fam,lda_shrink,4,0.8253980786205742,0.3333333333333333,0.3333333333333333
rafdb,compat_B_race,compat,rff,gamma x2.0,2,compat_5fam,vib_b1,4,0.8253980786205742,0.3338816808200789,0.3338816808200789
rafdb,compat_B_race,compat,rff,gamma x2.0,2,compat_5fam,adv2attr_lam03,4,0.8253980786205742,0.3333333333333333,0.3333333333333333
rafdb,compat_B_race,compat,rff,gamma x2.0,2,compat_5fam,leace2attr,768,0.8253980786205742,0.3918035975439855,0.3918035975439855
rafdb,compat_B_race,compat,tree,depth=None,2,compat_5fam,lda_shrink,4,0.8192814736098816,0.3333333333333333,0.3333333333333333
rafdb,compat_B_race,compat,tree,depth=None,2,compat_5fam,vib_b1,4,0.8192814736098816,0.3333333333333333,0.3333333333333333
rafdb,compat_B_race,compat,tree,depth=None,2,compat_5fam,adv2attr_lam03,4,0.8192814736098816,0.3333333333333333,0.3333333333333333
rafdb,compat_B_race,compat,tree,depth=None,2,compat_5fam,leace2attr,768,0.8192814736098816,0.350187280929056,0.350187280929056
rafdb,compat_B_race,compat,tree,depth=6,2,compat_5fam,lda_shrink,4,0.8184053196721256,0.3352431560039793,0.3352431560039793
rafdb,compat_B_race,compat,tree,depth=6,2,compat_5fam,vib_b1,4,0.8184053196721256,0.33373989718191077,0.33373989718191077
rafdb,compat_B_race,compat,tree,depth=6,2,compat_5fam,adv2attr_lam03,4,0.8184053196721256,0.3331915496951652,0.3331915496951652
rafdb,compat_B_race,compat,tree,depth=6,2,compat_5fam,leace2attr,768,0.8184053196721256,0.3532756118797211,0.3532756118797211
rafdb,compat_B_race,compat,knn,k=15,2,compat_5fam,lda_shrink,4,0.7126264836767305,0.3333333333333333,0.3333333333333333
rafdb,compat_B_race,compat,knn,k=15,2,compat_5fam,vib_b1,4,0.7126264836767305,0.3333333333333333,0.3333333333333333
rafdb,compat_B_race,compat,knn,k=15,2,compat_5fam,adv2attr_lam03,4,0.7126264836767305,0.3333333333333333,0.3333333333333333
rafdb,compat_B_race,compat,knn,k=15,2,compat_5fam,leace2attr,768,0.7126264836767305,0.48313035135478866,0.48313035135478866
rafdb,compat_B_race,compat,knn,k=50,2,compat_5fam,lda_shrink,4,0.6659997032456485,0.3333333333333333,0.3333333333333333
rafdb,compat_B_race,compat,knn,k=50,2,compat_5fam,vib_b1,4,0.6659997032456485,0.3333333333333333,0.3333333333333333
rafdb,compat_B_race,compat,knn,k=50,2,compat_5fam,adv2attr_lam03,4,0.6659997032456485,0.3333333333333333,0.3333333333333333
rafdb,compat_B_race,compat,knn,k=50,2,compat_5fam,leace2attr,768,0.6659997032456485,0.4323017224465267,0.4323017224465267
rafdb,compat_B_age,compat,lr,wd=1e-05,0,compat_5fam,lda_shrink,4,0.7565122059213225,0.22856873378557202,0.22856873378557202
rafdb,compat_B_age,compat,lr,wd=1e-05,0,compat_5fam,vib_b1,4,0.7565122059213225,0.24192571426643564,0.24192571426643564
rafdb,compat_B_age,compat,lr,wd=1e-05,0,compat_5fam,adv2attr_lam03,4,0.7565122059213225,0.24815208420969892,0.24815208420969892
rafdb,compat_B_age,compat,lr,wd=1e-05,0,compat_5fam,leace2attr,768,0.7565122059213225,0.5988970640400735,0.5988970640400735
rafdb,compat_B_age,compat,lr,wd=0.001,0,compat_5fam,lda_shrink,4,0.7565122059213225,0.22856873378557202,0.22856873378557202
rafdb,compat_B_age,compat,lr,wd=0.001,0,compat_5fam,vib_b1,4,0.7565122059213225,0.24192571426643564,0.24192571426643564
rafdb,compat_B_age,compat,lr,wd=0.001,0,compat_5fam,adv2attr_lam03,4,0.7565122059213225,0.24815208420969892,0.24815208420969892
rafdb,compat_B_age,compat,lr,wd=0.001,0,compat_5fam,leace2attr,768,0.7565122059213225,0.5988970640400735,0.5988970640400735
rafdb,compat_B_age,compat,lr,wd=0.1,0,compat_5fam,lda_shrink,4,0.7587986287877089,0.22605706484279633,0.22605706484279633
rafdb,compat_B_age,compat,lr,wd=0.1,0,compat_5fam,vib_b1,4,0.7587986287877089,0.24341513179502577,0.24341513179502577
rafdb,compat_B_age,compat,lr,wd=0.1,0,compat_5fam,adv2attr_lam03,4,0.7587986287877089,0.2489843392693285,0.2489843392693285
rafdb,compat_B_age,compat,lr,wd=0.1,0,compat_5fam,leace2attr,768,0.7587986287877089,0.6028462573219548,0.6028462573219548
rafdb,compat_B_age,compat,mlp,"h=256,seed=0",0,compat_5fam,lda_shrink,4,0.7536254586768754,0.23703207700759413,0.23703207700759413
rafdb,compat_B_age,compat,mlp,"h=256,seed=0",0,compat_5fam,vib_b1,4,0.7536254586768754,0.24191742782106557,0.24191742782106557
rafdb,compat_B_age,compat,mlp,"h=256,seed=0",0,compat_5fam,adv2attr_lam03,4,0.7536254586768754,0.25221437199901203,0.25221437199901203
rafdb,compat_B_age,compat,mlp,"h=256,seed=0",0,compat_5fam,leace2attr,768,0.7536254586768754,0.6373970226815706,0.6373970226815706
rafdb,compat_B_age,compat,mlp,"h=256,seed=1",0,compat_5fam,lda_shrink,4,0.7471938213701159,0.23988370329056524,0.23988370329056524
rafdb,compat_B_age,compat,mlp,"h=256,seed=1",0,compat_5fam,vib_b1,4,0.7471938213701159,0.2523052861425005,0.2523052861425005
rafdb,compat_B_age,compat,mlp,"h=256,seed=1",0,compat_5fam,adv2attr_lam03,4,0.7471938213701159,0.25362568977998956,0.25362568977998956
rafdb,compat_B_age,compat,mlp,"h=256,seed=1",0,compat_5fam,leace2attr,768,0.7471938213701159,0.6537785544071676,0.6537785544071676
rafdb,compat_B_age,compat,mlp,"h=1024,seed=0",0,compat_5fam,lda_shrink,4,0.7499967044941551,0.23639299674620884,0.23639299674620884
rafdb,compat_B_age,compat,mlp,"h=1024,seed=0",0,compat_5fam,vib_b1,4,0.7499967044941551,0.24383466860522138,0.24383466860522138
rafdb,compat_B_age,compat,mlp,"h=1024,seed=0",0,compat_5fam,adv2attr_lam03,4,0.7499967044941551,0.2557745189555693,0.2557745189555693
rafdb,compat_B_age,compat,mlp,"h=1024,seed=0",0,compat_5fam,leace2attr,768,0.7499967044941551,0.6345461975655088,0.6345461975655088
rafdb,compat_B_age,compat,mlp,"h=1024,seed=1",0,compat_5fam,lda_shrink,4,0.7475533338917982,0.23473574318553808,0.23473574318553808
rafdb,compat_B_age,compat,mlp,"h=1024,seed=1",0,compat_5fam,vib_b1,4,0.7475533338917982,0.23965776743866152,0.23965776743866152
rafdb,compat_B_age,compat,mlp,"h=1024,seed=1",0,compat_5fam,adv2attr_lam03,4,0.7475533338917982,0.2529856743340554,0.2529856743340554
rafdb,compat_B_age,compat,mlp,"h=1024,seed=1",0,compat_5fam,leace2attr,768,0.7475533338917982,0.6292527115581508,0.6292527115581508
rafdb,compat_B_age,compat,rff,gamma x0.5,0,compat_5fam,lda_shrink,4,0.7918802292439528,0.21912871459889965,0.21912871459889965
rafdb,compat_B_age,compat,rff,gamma x0.5,0,compat_5fam,vib_b1,4,0.7918802292439528,0.22888765947616055,0.22888765947616055
rafdb,compat_B_age,compat,rff,gamma x0.5,0,compat_5fam,adv2attr_lam03,4,0.7918802292439528,0.23935644860944866,0.23935644860944866
rafdb,compat_B_age,compat,rff,gamma x0.5,0,compat_5fam,leace2attr,768,0.7918802292439528,0.663498846820868,0.663498846820868
rafdb,compat_B_age,compat,rff,gamma x2.0,0,compat_5fam,lda_shrink,4,0.7630221459110718,0.2214490317614124,0.2214490317614124
rafdb,compat_B_age,compat,rff,gamma x2.0,0,compat_5fam,vib_b1,4,0.7630221459110718,0.23524058303192869,0.23524058303192869
rafdb,compat_B_age,compat,rff,gamma x2.0,0,compat_5fam,adv2attr_lam03,4,0.7630221459110718,0.2504718923477104,0.2504718923477104
rafdb,compat_B_age,compat,rff,gamma x2.0,0,compat_5fam,leace2attr,768,0.7630221459110718,0.6406737266150018,0.6406737266150018
rafdb,compat_B_age,compat,tree,depth=None,0,compat_5fam,lda_shrink,4,0.7468129936556974,0.21225656421128045,0.21225656421128045
rafdb,compat_B_age,compat,tree,depth=None,0,compat_5fam,vib_b1,4,0.7468129936556974,0.22003882081278073,0.22003882081278073
rafdb,compat_B_age,compat,tree,depth=None,0,compat_5fam,adv2attr_lam03,4,0.7468129936556974,0.233817889145236,0.233817889145236
rafdb,compat_B_age,compat,tree,depth=None,0,compat_5fam,leace2attr,768,0.7468129936556974,0.5904533720767338,0.5904533720767338
rafdb,compat_B_age,compat,tree,depth=6,0,compat_5fam,lda_shrink,4,0.743679947400417,0.21491671441730809,0.21491671441730809
rafdb,compat_B_age,compat,tree,depth=6,0,compat_5fam,vib_b1,4,0.743679947400417,0.22077162669019074,0.22077162669019074
rafdb,compat_B_age,compat,tree,depth=6,0,compat_5fam,adv2attr_lam03,4,0.743679947400417,0.23057321308280568,0.23057321308280568
rafdb,compat_B_age,compat,tree,depth=6,0,compat_5fam,leace2attr,768,0.743679947400417,0.5949438685730979,0.5949438685730979
rafdb,compat_B_age,compat,knn,k=15,0,compat_5fam,lda_shrink,4,0.6924107886999872,0.2057428885987147,0.2057428885987147
rafdb,compat_B_age,compat,knn,k=15,0,compat_5fam,vib_b1,4,0.6924107886999872,0.2164562407071219,0.2164562407071219
rafdb,compat_B_age,compat,knn,k=15,0,compat_5fam,adv2attr_lam03,4,0.6924107886999872,0.20577942002099858,0.20577942002099858
rafdb,compat_B_age,compat,knn,k=15,0,compat_5fam,leace2attr,768,0.6924107886999872,0.6105150317333061,0.6105150317333061
rafdb,compat_B_age,compat,knn,k=50,0,compat_5fam,lda_shrink,4,0.6553246814197251,0.20610389942903962,0.20610389942903962
rafdb,compat_B_age,compat,knn,k=50,0,compat_5fam,vib_b1,4,0.6553246814197251,0.2150066386490075,0.2150066386490075
rafdb,compat_B_age,compat,knn,k=50,0,compat_5fam,adv2attr_lam03,4,0.6553246814197251,0.20646391682142848,0.20646391682142848
rafdb,compat_B_age,compat,knn,k=50,0,compat_5fam,leace2attr,768,0.6553246814197251,0.5820924418831236,0.5820924418831236
rafdb,compat_B_age,compat,lr,wd=1e-05,1,compat_5fam,lda_shrink,4,0.7573352511888121,0.22465271359481923,0.22465271359481923
rafdb,compat_B_age,compat,lr,wd=1e-05,1,compat_5fam,vib_b1,4,0.7573352511888121,0.23962759885862503,0.23962759885862503
rafdb,compat_B_age,compat,lr,wd=1e-05,1,compat_5fam,adv2attr_lam03,4,0.7573352511888121,0.2500937759265859,0.2500937759265859
rafdb,compat_B_age,compat,lr,wd=1e-05,1,compat_5fam,leace2attr,768,0.7573352511888121,0.6001128485702029,0.6001128485702029
rafdb,compat_B_age,compat,lr,wd=0.001,1,compat_5fam,lda_shrink,4,0.7573352511888121,0.2245323766513776,0.2245323766513776
rafdb,compat_B_age,compat,lr,wd=0.001,1,compat_5fam,vib_b1,4,0.7573352511888121,0.2395072619151834,0.2395072619151834
rafdb,compat_B_age,compat,lr,wd=0.001,1,compat_5fam,adv2attr_lam03,4,0.7573352511888121,0.2500937759265859,0.2500937759265859
rafdb,compat_B_age,compat,lr,wd=0.001,1,compat_5fam,leace2attr,768,0.7573352511888121,0.6001128485702029,0.6001128485702029
rafdb,compat_B_age,compat,lr,wd=0.1,1,compat_5fam,lda_shrink,4,0.7595511477516469,0.22519874891247804,0.22519874891247804
rafdb,compat_B_age,compat,lr,wd=0.1,1,compat_5fam,vib_b1,4,0.7595511477516469,0.242325351769964,0.242325351769964
rafdb,compat_B_age,compat,lr,wd=0.1,1,compat_5fam,adv2attr_lam03,4,0.7595511477516469,0.24944459212073866,0.24944459212073866
rafdb,compat_B_age,compat,lr,wd=0.1,1,compat_5fam,leace2attr,768,0.7595511477516469,0.603391212217389,0.603391212217389
rafdb,compat_B_age,compat,mlp,"h=256,seed=0",1,compat_5fam,lda_shrink,4,0.7471938213701159,0.23988370329056524,0.23988370329056524
rafdb,compat_B_age,compat,mlp,"h=256,seed=0",1,compat_5fam,vib_b1,4,0.7471938213701159,0.2523052861425005,0.2523052861425005
rafdb,compat_B_age,compat,mlp,"h=256,seed=0",1,compat_5fam,adv2attr_lam03,4,0.7471938213701159,0.25362568977998956,0.25362568977998956
rafdb,compat_B_age,compat,mlp,"h=256,seed=0",1,compat_5fam,leace2attr,768,0.7471938213701159,0.6537785544071676,0.6537785544071676
rafdb,compat_B_age,compat,mlp,"h=256,seed=1",1,compat_5fam,lda_shrink,4,0.7460216418549872,0.235748228431966,0.235748228431966
rafdb,compat_B_age,compat,mlp,"h=256,seed=1",1,compat_5fam,vib_b1,4,0.7460216418549872,0.24073315864322714,0.24073315864322714
rafdb,compat_B_age,compat,mlp,"h=256,seed=1",1,compat_5fam,adv2attr_lam03,4,0.7460216418549872,0.2506914180422314,0.2506914180422314
rafdb,compat_B_age,compat,mlp,"h=256,seed=1",1,compat_5fam,leace2attr,768,0.7460216418549872,0.6358986694647955,0.6358986694647955
rafdb,compat_B_age,compat,mlp,"h=1024,seed=0",1,compat_5fam,lda_shrink,4,0.7475533338917982,0.23473574318553808,0.23473574318553808
rafdb,compat_B_age,compat,mlp,"h=1024,seed=0",1,compat_5fam,vib_b1,4,0.7475533338917982,0.23965776743866152,0.23965776743866152
rafdb,compat_B_age,compat,mlp,"h=1024,seed=0",1,compat_5fam,adv2attr_lam03,4,0.7475533338917982,0.2529856743340554,0.2529856743340554
rafdb,compat_B_age,compat,mlp,"h=1024,seed=0",1,compat_5fam,leace2attr,768,0.7475533338917982,0.6292527115581508,0.6292527115581508
rafdb,compat_B_age,compat,mlp,"h=1024,seed=1",1,compat_5fam,lda_shrink,4,0.7582059199115622,0.23537978939525578,0.23537978939525578
rafdb,compat_B_age,compat,mlp,"h=1024,seed=1",1,compat_5fam,vib_b1,4,0.7582059199115622,0.2401274431622354,0.2401274431622354
rafdb,compat_B_age,compat,mlp,"h=1024,seed=1",1,compat_5fam,adv2attr_lam03,4,0.7582059199115622,0.25820625921386137,0.25820625921386137
rafdb,compat_B_age,compat,mlp,"h=1024,seed=1",1,compat_5fam,leace2attr,768,0.7582059199115622,0.6415511294808086,0.6415511294808086
rafdb,compat_B_age,compat,rff,gamma x0.5,1,compat_5fam,lda_shrink,4,0.7842797137072208,0.20987759677221646,0.20987759677221646
rafdb,compat_B_age,compat,rff,gamma x0.5,1,compat_5fam,vib_b1,4,0.7842797137072208,0.2159844301714183,0.2159844301714183
rafdb,compat_B_age,compat,rff,gamma x0.5,1,compat_5fam,adv2attr_lam03,4,0.7842797137072208,0.2316885094407176,0.2316885094407176
rafdb,compat_B_age,compat,rff,gamma x0.5,1,compat_5fam,leace2attr,768,0.7842797137072208,0.6515369892455676,0.6515369892455676
rafdb,compat_B_age,compat,rff,gamma x2.0,1,compat_5fam,lda_shrink,4,0.7623240986916228,0.20903320798900932,0.20903320798900932
rafdb,compat_B_age,compat,rff,gamma x2.0,1,compat_5fam,vib_b1,4,0.7623240986916228,0.22175500875670115,0.22175500875670115
rafdb,compat_B_age,compat,rff,gamma x2.0,1,compat_5fam,adv2attr_lam03,4,0.7623240986916228,0.23867794854366017,0.23867794854366017
rafdb,compat_B_age,compat,rff,gamma x2.0,1,compat_5fam,leace2attr,768,0.7623240986916228,0.6273007477914884,0.6273007477914884
rafdb,compat_B_age,compat,tree,depth=None,1,compat_5fam,lda_shrink,4,0.752742664132238,0.22537862988479293,0.22537862988479293
rafdb,compat_B_age,compat,tree,depth=None,1,compat_5fam,vib_b1,4,0.752742664132238,0.23067863442458125,0.23067863442458125
rafdb,compat_B_age,compat,tree,depth=None,1,compat_5fam,adv2attr_lam03,4,0.752742664132238,0.23993082948916253,0.23993082948916253
rafdb,compat_B_age,compat,tree,depth=None,1,compat_5fam,leace2attr,768,0.752742664132238,0.6019432633182045,0.6019432633182045
rafdb,compat_B_age,compat,tree,depth=6,1,compat_5fam,lda_shrink,4,0.7476141269122883,0.22802268663013409,0.22802268663013409
rafdb,compat_B_age,compat,tree,depth=6,1,compat_5fam,vib_b1,4,0.7476141269122883,0.22359696718467012,0.22359696718467012
rafdb,compat_B_age,compat,tree,depth=6,1,compat_5fam,adv2attr_lam03,4,0.7476141269122883,0.22951551343910506,0.22951551343910506
rafdb,compat_B_age,compat,tree,depth=6,1,compat_5fam,leace2attr,768,0.7476141269122883,0.5969635979382765,0.5969635979382765
rafdb,compat_B_age,compat,knn,k=15,1,compat_5fam,lda_shrink,4,0.6924107886999872,0.2057428885987147,0.2057428885987147
rafdb,compat_B_age,compat,knn,k=15,1,compat_5fam,vib_b1,4,0.6924107886999872,0.2164562407071219,0.2164562407071219
rafdb,compat_B_age,compat,knn,k=15,1,compat_5fam,adv2attr_lam03,4,0.6924107886999872,0.20577942002099858,0.20577942002099858
rafdb,compat_B_age,compat,knn,k=15,1,compat_5fam,leace2attr,768,0.6924107886999872,0.6105150317333061,0.6105150317333061
rafdb,compat_B_age,compat,knn,k=50,1,compat_5fam,lda_shrink,4,0.6553246814197251,0.20610389942903962,0.20610389942903962
rafdb,compat_B_age,compat,knn,k=50,1,compat_5fam,vib_b1,4,0.6553246814197251,0.2150066386490075,0.2150066386490075
rafdb,compat_B_age,compat,knn,k=50,1,compat_5fam,adv2attr_lam03,4,0.6553246814197251,0.20646391682142848,0.20646391682142848
rafdb,compat_B_age,compat,knn,k=50,1,compat_5fam,leace2attr,768,0.6553246814197251,0.5820924418831236,0.5820924418831236
rafdb,compat_B_age,compat,lr,wd=1e-05,2,compat_5fam,lda_shrink,4,0.7553481643236394,0.22683473590299555,0.22683473590299555
rafdb,compat_B_age,compat,lr,wd=1e-05,2,compat_5fam,vib_b1,4,0.7553481643236394,0.24251428272440095,0.24251428272440095
rafdb,compat_B_age,compat,lr,wd=1e-05,2,compat_5fam,adv2attr_lam03,4,0.7553481643236394,0.24844946697736106,0.24844946697736106
rafdb,compat_B_age,compat,lr,wd=1e-05,2,compat_5fam,leace2attr,768,0.7553481643236394,0.6001365769486453,0.6001365769486453
rafdb,compat_B_age,compat,lr,wd=0.001,2,compat_5fam,lda_shrink,4,0.7553481643236394,0.22683473590299555,0.22683473590299555
rafdb,compat_B_age,compat,lr,wd=0.001,2,compat_5fam,vib_b1,4,0.7553481643236394,0.24251428272440095,0.24251428272440095
rafdb,compat_B_age,compat,lr,wd=0.001,2,compat_5fam,adv2attr_lam03,4,0.7553481643236394,0.24844946697736106,0.24844946697736106
rafdb,compat_B_age,compat,lr,wd=0.001,2,compat_5fam,leace2attr,768,0.7553481643236394,0.6001365769486453,0.6001365769486453
rafdb,compat_B_age,compat,lr,wd=0.1,2,compat_5fam,lda_shrink,4,0.7574063283988555,0.2265465629274733,0.2265465629274733
rafdb,compat_B_age,compat,lr,wd=0.1,2,compat_5fam,vib_b1,4,0.7574063283988555,0.24296621361710385,0.24296621361710385
rafdb,compat_B_age,compat,lr,wd=0.1,2,compat_5fam,adv2attr_lam03,4,0.7574063283988555,0.24866887429409107,0.24866887429409107
rafdb,compat_B_age,compat,lr,wd=0.1,2,compat_5fam,leace2attr,768,0.7574063283988555,0.6034716494766103,0.6034716494766103
rafdb,compat_B_age,compat,mlp,"h=256,seed=0",2,compat_5fam,lda_shrink,4,0.7460216418549872,0.235748228431966,0.235748228431966
rafdb,compat_B_age,compat,mlp,"h=256,seed=0",2,compat_5fam,vib_b1,4,0.7460216418549872,0.24073315864322714,0.24073315864322714
rafdb,compat_B_age,compat,mlp,"h=256,seed=0",2,compat_5fam,adv2attr_lam03,4,0.7460216418549872,0.2506914180422314,0.2506914180422314
rafdb,compat_B_age,compat,mlp,"h=256,seed=0",2,compat_5fam,leace2attr,768,0.7460216418549872,0.6358986694647955,0.6358986694647955
rafdb,compat_B_age,compat,mlp,"h=256,seed=1",2,compat_5fam,lda_shrink,4,0.7559958824237556,0.22817117381227567,0.22817117381227567
rafdb,compat_B_age,compat,mlp,"h=256,seed=1",2,compat_5fam,vib_b1,4,0.7559958824237556,0.23981364139496156,0.23981364139496156
rafdb,compat_B_age,compat,mlp,"h=256,seed=1",2,compat_5fam,adv2attr_lam03,4,0.7559958824237556,0.25033992478630296,0.25033992478630296
rafdb,compat_B_age,compat,mlp,"h=256,seed=1",2,compat_5fam,leace2attr,768,0.7559958824237556,0.6282027640986261,0.6282027640986261
rafdb,compat_B_age,compat,mlp,"h=1024,seed=0",2,compat_5fam,lda_shrink,4,0.7582059199115622,0.23537978939525578,0.23537978939525578
rafdb,compat_B_age,compat,mlp,"h=1024,seed=0",2,compat_5fam,vib_b1,4,0.7582059199115622,0.2401274431622354,0.2401274431622354
rafdb,compat_B_age,compat,mlp,"h=1024,seed=0",2,compat_5fam,adv2attr_lam03,4,0.7582059199115622,0.25820625921386137,0.25820625921386137
rafdb,compat_B_age,compat,mlp,"h=1024,seed=0",2,compat_5fam,leace2attr,768,0.7582059199115622,0.6415511294808086,0.6415511294808086
rafdb,compat_B_age,compat,mlp,"h=1024,seed=1",2,compat_5fam,lda_shrink,4,0.753195448968228,0.2325027474005569,0.2325027474005569
rafdb,compat_B_age,compat,mlp,"h=1024,seed=1",2,compat_5fam,vib_b1,4,0.753195448968228,0.24105527371575586,0.24105527371575586
rafdb,compat_B_age,compat,mlp,"h=1024,seed=1",2,compat_5fam,adv2attr_lam03,4,0.753195448968228,0.2496786427702155,0.2496786427702155
rafdb,compat_B_age,compat,mlp,"h=1024,seed=1",2,compat_5fam,leace2attr,768,0.753195448968228,0.6435069893882028,0.6435069893882028
rafdb,compat_B_age,compat,rff,gamma x0.5,2,compat_5fam,lda_shrink,4,0.7777808513820661,0.21420000200058467,0.21420000200058467
rafdb,compat_B_age,compat,rff,gamma x0.5,2,compat_5fam,vib_b1,4,0.7777808513820661,0.22311465598119784,0.22311465598119784
rafdb,compat_B_age,compat,rff,gamma x0.5,2,compat_5fam,adv2attr_lam03,4,0.7777808513820661,0.23665088868279316,0.23665088868279316
rafdb,compat_B_age,compat,rff,gamma x0.5,2,compat_5fam,leace2attr,768,0.7777808513820661,0.6479835812755668,0.6479835812755668
rafdb,compat_B_age,compat,rff,gamma x2.0,2,compat_5fam,lda_shrink,4,0.7629428765081276,0.21221782507917553,0.21221782507917553
rafdb,compat_B_age,compat,rff,gamma x2.0,2,compat_5fam,vib_b1,4,0.7629428765081276,0.2271886322280813,0.2271886322280813
rafdb,compat_B_age,compat,rff,gamma x2.0,2,compat_5fam,adv2attr_lam03,4,0.7629428765081276,0.23983063452685965,0.23983063452685965
rafdb,compat_B_age,compat,rff,gamma x2.0,2,compat_5fam,leace2attr,768,0.7629428765081276,0.6295179625794223,0.6295179625794223
rafdb,compat_B_age,compat,tree,depth=None,2,compat_5fam,lda_shrink,4,0.7509490825176751,0.2354210854876464,0.2354210854876464
rafdb,compat_B_age,compat,tree,depth=None,2,compat_5fam,vib_b1,4,0.7509490825176751,0.2395418341490451,0.2395418341490451
rafdb,compat_B_age,compat,tree,depth=None,2,compat_5fam,adv2attr_lam03,4,0.7509490825176751,0.244990154223178,0.244990154223178
rafdb,compat_B_age,compat,tree,depth=None,2,compat_5fam,leace2attr,768,0.7509490825176751,0.588957532173159,0.588957532173159
rafdb,compat_B_age,compat,tree,depth=6,2,compat_5fam,lda_shrink,4,0.7491384991177618,0.22591689370047258,0.22591689370047258
rafdb,compat_B_age,compat,tree,depth=6,2,compat_5fam,vib_b1,4,0.7491384991177618,0.2336801743420755,0.2336801743420755
rafdb,compat_B_age,compat,tree,depth=6,2,compat_5fam,adv2attr_lam03,4,0.7491384991177618,0.23172677506165856,0.23172677506165856
rafdb,compat_B_age,compat,tree,depth=6,2,compat_5fam,leace2attr,768,0.7491384991177618,0.604162702933256,0.604162702933256
rafdb,compat_B_age,compat,knn,k=15,2,compat_5fam,lda_shrink,4,0.6924107886999872,0.2057428885987147,0.2057428885987147
rafdb,compat_B_age,compat,knn,k=15,2,compat_5fam,vib_b1,4,0.6924107886999872,0.2164562407071219,0.2164562407071219
rafdb,compat_B_age,compat,knn,k=15,2,compat_5fam,adv2attr_lam03,4,0.6924107886999872,0.20577942002099858,0.20577942002099858
rafdb,compat_B_age,compat,knn,k=15,2,compat_5fam,leace2attr,768,0.6924107886999872,0.6105150317333061,0.6105150317333061
rafdb,compat_B_age,compat,knn,k=50,2,compat_5fam,lda_shrink,4,0.6553246814197251,0.20610389942903962,0.20610389942903962
rafdb,compat_B_age,compat,knn,k=50,2,compat_5fam,vib_b1,4,0.6553246814197251,0.2150066386490075,0.2150066386490075
rafdb,compat_B_age,compat,knn,k=50,2,compat_5fam,adv2attr_lam03,4,0.6553246814197251,0.20646391682142848,0.20646391682142848
rafdb,compat_B_age,compat,knn,k=50,2,compat_5fam,leace2attr,768,0.6553246814197251,0.5820924418831236,0.5820924418831236
