dataset,target,family,cfg,seed,f,method,note,on_U,on_Uhat_real,on_Uhat_f,rel_err,delta
rafdb,compat_A,lr,wd=1e-05,0,16,lda_shrink,compat_quant,0.8469439511013894,0.8730034491237577,0.8731722254950658,3.198943260514137e-05,0.000168776371308077
rafdb,compat_A,lr,wd=0.001,0,16,lda_shrink,compat_quant,0.8469439511013894,0.8730034491237577,0.8730034491237577,3.198943260514137e-05,0.0
rafdb,compat_A,lr,wd=0.1,0,16,lda_shrink,compat_quant,0.8486029831494364,0.8732975667708166,0.8732975667708166,3.198943260514137e-05,0.0
rafdb,compat_A,mlp,"h=256,seed=0",0,16,lda_shrink,compat_quant,0.8582902329227377,0.8763317645916411,0.8763317645916411,3.198943260514137e-05,0.0
rafdb,compat_A,mlp,"h=256,seed=1",0,16,lda_shrink,compat_quant,0.8648555448218793,0.8868746376302499,0.8868746376302499,3.198943260514137e-05,0.0
rafdb,compat_A,mlp,"h=1024,seed=0",0,16,lda_shrink,compat_quant,0.8629189592212727,0.8829423722503152,0.8829423722503152,3.198943260514137e-05,0.0
rafdb,compat_A,mlp,"h=1024,seed=1",0,16,lda_shrink,compat_quant,0.8649849863102981,0.8831692871477042,0.8831692871477042,3.198943260514137e-05,0.0
rafdb,compat_A,rff,gamma x0.5,0,16,lda_shrink,compat_quant,0.865322607304647,0.8808670653723277,0.8808670653723277,3.198943260514137e-05,0.0
rafdb,compat_A,rff,gamma x2.0,0,16,lda_shrink,compat_quant,0.8030417910942089,0.8713627912683958,0.8713627912683958,3.198943260514137e-05,0.0
rafdb,compat_A,tree,depth=None,0,16,lda_shrink,compat_quant,0.7796156926793587,0.8500563780535053,0.8500563780535053,3.198943260514137e-05,0.0
rafdb,compat_A,tree,depth=6,0,16,lda_shrink,compat_quant,0.778845624362251,0.8468553311685814,0.8468553311685814,3.198943260514137e-05,0.0
rafdb,compat_A,knn,k=15,0,16,lda_shrink,compat_quant,0.6683565184802756,0.7340507358176069,0.7340507358176069,3.198943260514137e-05,0.0
rafdb,compat_A,knn,k=50,0,16,lda_shrink,compat_quant,0.60532359754758,0.7187226717838822,0.7187226717838822,3.198943260514137e-05,0.0
rafdb,compat_A,lr,wd=1e-05,1,16,lda_shrink,compat_quant,0.8504888888817904,0.8748271573304447,0.8748271573304447,3.198943260514137e-05,0.0
rafdb,compat_A,lr,wd=0.001,1,16,lda_shrink,compat_quant,0.8504888888817904,0.8748271573304447,0.8748271573304447,3.198943260514137e-05,0.0
rafdb,compat_A,lr,wd=0.1,1,16,lda_shrink,compat_quant,0.8525623746286441,0.8749524986061955,0.8749524986061955,3.198943260514137e-05,0.0
rafdb,compat_A,mlp,"h=256,seed=0",1,16,lda_shrink,compat_quant,0.8648555448218793,0.8868746376302499,0.8868746376302499,3.198943260514137e-05,0.0
rafdb,compat_A,mlp,"h=256,seed=1",1,16,lda_shrink,compat_quant,0.86632868484735,0.8827498282248947,0.8827498282248947,3.198943260514137e-05,0.0
rafdb,compat_A,mlp,"h=1024,seed=0",1,16,lda_shrink,compat_quant,0.8649849863102981,0.8831692871477042,0.8831692871477042,3.198943260514137e-05,0.0
rafdb,compat_A,mlp,"h=1024,seed=1",1,16,lda_shrink,compat_quant,0.8637299679870297,0.8820550552982178,0.8820550552982178,3.198943260514137e-05,0.0
rafdb,compat_A,rff,gamma x0.5,1,16,lda_shrink,compat_quant,0.8658208849908918,0.8779710356636155,0.8779710356636155,3.198943260514137e-05,0.0
rafdb,compat_A,rff,gamma x2.0,1,16,lda_shrink,compat_quant,0.8178516009040188,0.868848736835355,0.868848736835355,3.198943260514137e-05,0.0
rafdb,compat_A,tree,depth=None,1,16,lda_shrink,compat_quant,0.7793010597227894,0.8569207144673576,0.8569207144673576,3.198943260514137e-05,0.0
rafdb,compat_A,tree,depth=6,1,16,lda_shrink,compat_quant,0.7971115998842905,0.850575502218933,0.850575502218933,3.198943260514137e-05,0.0
rafdb,compat_A,knn,k=15,1,16,lda_shrink,compat_quant,0.6683565184802756,0.7340507358176069,0.7340507358176069,3.198943260514137e-05,0.0
rafdb,compat_A,knn,k=50,1,16,lda_shrink,compat_quant,0.60532359754758,0.7187226717838822,0.7187226717838822,3.198943260514137e-05,0.0
rafdb,compat_A,lr,wd=1e-05,2,16,lda_shrink,compat_quant,0.8497703070879192,0.8715353143222897,0.8715353143222897,3.198943260514137e-05,0.0
rafdb,compat_A,lr,wd=0.001,2,16,lda_shrink,compat_quant,0.8497703070879192,0.8715353143222897,0.8715353143222897,3.198943260514137e-05,0.0
rafdb,compat_A,lr,wd=0.1,2,16,lda_shrink,compat_quant,0.8513662365989643,0.8724373347049108,0.8724373347049108,3.198943260514137e-05,0.0
rafdb,compat_A,mlp,"h=256,seed=0",2,16,lda_shrink,compat_quant,0.86632868484735,0.8827498282248947,0.8827498282248947,3.198943260514137e-05,0.0
rafdb,compat_A,mlp,"h=256,seed=1",2,16,lda_shrink,compat_quant,0.8682324892115612,0.87866590212492,0.87866590212492,3.198943260514137e-05,0.0
rafdb,compat_A,mlp,"h=1024,seed=0",2,16,lda_shrink,compat_quant,0.8637299679870297,0.8820550552982178,0.8820550552982178,3.198943260514137e-05,0.0
rafdb,compat_A,mlp,"h=1024,seed=1",2,16,lda_shrink,compat_quant,0.8652603003141651,0.8839894013501318,0.8839894013501318,3.198943260514137e-05,0.0
rafdb,compat_A,rff,gamma x0.5,2,16,lda_shrink,compat_quant,0.8776198621466176,0.8755853132507495,0.8755853132507495,3.198943260514137e-05,0.0
rafdb,compat_A,rff,gamma x2.0,2,16,lda_shrink,compat_quant,0.8266143134340194,0.8626760873209228,0.8626760873209228,3.198943260514137e-05,0.0
rafdb,compat_A,tree,depth=None,2,16,lda_shrink,compat_quant,0.7706186543091852,0.8381332358090224,0.8381332358090224,3.198943260514137e-05,0.0
rafdb,compat_A,tree,depth=6,2,16,lda_shrink,compat_quant,0.7743830483291466,0.8440444852675595,0.8440444852675595,3.198943260514137e-05,0.0
rafdb,compat_A,knn,k=15,2,16,lda_shrink,compat_quant,0.6683565184802756,0.7340507358176069,0.7340507358176069,3.198943260514137e-05,0.0
rafdb,compat_A,knn,k=50,2,16,lda_shrink,compat_quant,0.60532359754758,0.7187226717838822,0.7187226717838822,3.198943260514137e-05,0.0
rafdb,compat_B_gender,lr,wd=1e-05,0,16,lda_shrink,compat_quant,0.9368687542626694,0.5637072621059811,0.5637072621059811,3.198943260514137e-05,0.0
rafdb,compat_B_gender,lr,wd=0.001,0,16,lda_shrink,compat_quant,0.9368687542626694,0.5637072621059811,0.5637072621059811,3.198943260514137e-05,0.0
rafdb,compat_B_gender,lr,wd=0.1,0,16,lda_shrink,compat_quant,0.9364684340064644,0.564107582362186,0.564107582362186,3.198943260514137e-05,0.0
rafdb,compat_B_gender,mlp,"h=256,seed=0",0,16,lda_shrink,compat_quant,0.9320649111882098,0.5522380867657088,0.5522380867657088,3.198943260514137e-05,0.0
rafdb,compat_B_gender,mlp,"h=256,seed=1",0,16,lda_shrink,compat_quant,0.933733406478269,0.5616530261246034,0.5616530261246034,3.198943260514137e-05,0.0
rafdb,compat_B_gender,mlp,"h=1024,seed=0",0,16,lda_shrink,compat_quant,0.9341001196018544,0.5519630519230199,0.5519630519230199,3.198943260514137e-05,0.0
rafdb,compat_B_gender,mlp,"h=1024,seed=1",0,16,lda_shrink,compat_quant,0.9359519714537061,0.5618124128932775,0.5611034506617639,3.198943260514137e-05,-0.0007089622315136213
rafdb,compat_B_gender,rff,gamma x0.5,0,16,lda_shrink,compat_quant,0.9417642756180253,0.5597769573683639,0.5594683153930552,3.198943260514137e-05,-0.00030864197530866555
rafdb,compat_B_gender,rff,gamma x2.0,0,16,lda_shrink,compat_quant,0.9207368363826864,0.5314696201405569,0.5317782621158655,3.198943260514137e-05,0.00030864197530866555
rafdb,compat_B_gender,tree,depth=None,0,16,lda_shrink,compat_quant,0.937052110824462,0.5529739841255721,0.5529739841255721,3.198943260514137e-05,0.0
rafdb,compat_B_gender,tree,depth=6,0,16,lda_shrink,compat_quant,0.9384119641392126,0.5558068677163953,0.5558068677163953,3.198943260514137e-05,0.0
rafdb,compat_B_gender,knn,k=15,0,16,lda_shrink,compat_quant,0.9101970465261098,0.536655497237296,0.536655497237296,3.198943260514137e-05,0.0
rafdb,compat_B_gender,knn,k=50,0,16,lda_shrink,compat_quant,0.9128495388903715,0.5316040486710356,0.5316040486710356,3.198943260514137e-05,0.0
rafdb,compat_B_gender,lr,wd=1e-05,1,16,lda_shrink,compat_quant,0.9367770759817731,0.5642909389239787,0.5642909389239787,3.198943260514137e-05,0.0
rafdb,compat_B_gender,lr,wd=0.001,1,16,lda_shrink,compat_quant,0.9367770759817731,0.5642909389239787,0.5642909389239787,3.198943260514137e-05,0.0
rafdb,compat_B_gender,lr,wd=0.1,1,16,lda_shrink,compat_quant,0.9364684340064644,0.564507902618391,0.564507902618391,3.198943260514137e-05,0.0
rafdb,compat_B_gender,mlp,"h=256,seed=0",1,16,lda_shrink,compat_quant,0.933733406478269,0.5616530261246034,0.5616530261246034,3.198943260514137e-05,0.0
rafdb,compat_B_gender,mlp,"h=256,seed=1",1,16,lda_shrink,compat_quant,0.9322818748826222,0.5517858731429588,0.5517858731429588,3.198943260514137e-05,0.0
rafdb,compat_B_gender,mlp,"h=1024,seed=0",1,16,lda_shrink,compat_quant,0.9359519714537061,0.5618124128932775,0.5611034506617639,3.198943260514137e-05,-0.0007089622315136213
rafdb,compat_B_gender,mlp,"h=1024,seed=1",1,16,lda_shrink,compat_quant,0.9345340469906789,0.5590927062637765,0.5590927062637765,3.198943260514137e-05,0.0
rafdb,compat_B_gender,rff,gamma x0.5,1,16,lda_shrink,compat_quant,0.9437658768990501,0.5599267067975368,0.5599267067975368,3.198943260514137e-05,0.0
rafdb,compat_B_gender,rff,gamma x2.0,1,16,lda_shrink,compat_quant,0.9294949539878816,0.5438674396307169,0.5438674396307169,3.198943260514137e-05,0.0
rafdb,compat_B_gender,tree,depth=None,1,16,lda_shrink,compat_quant,0.9381950004448003,0.5575363994899624,0.5575363994899624,3.198943260514137e-05,0.0
rafdb,compat_B_gender,tree,depth=6,1,16,lda_shrink,compat_quant,0.9378863584694916,0.5569435795550021,0.5569435795550021,3.198943260514137e-05,0.0
rafdb,compat_B_gender,knn,k=15,1,16,lda_shrink,compat_quant,0.9101970465261098,0.536655497237296,0.536655497237296,3.198943260514137e-05,0.0
rafdb,compat_B_gender,knn,k=50,1,16,lda_shrink,compat_quant,0.9128495388903715,0.5316040486710356,0.5316040486710356,3.198943260514137e-05,0.0
rafdb,compat_B_gender,lr,wd=1e-05,2,16,lda_shrink,compat_quant,0.9367770759817731,0.564107582362186,0.564107582362186,3.198943260514137e-05,0.0
rafdb,compat_B_gender,lr,wd=0.001,2,16,lda_shrink,compat_quant,0.9367770759817731,0.564107582362186,0.564107582362186,3.198943260514137e-05,0.0
rafdb,compat_B_gender,lr,wd=0.1,2,16,lda_shrink,compat_quant,0.9367770759817731,0.5639242258003934,0.5647248663128033,3.198943260514137e-05,0.0008006405124099114
rafdb,compat_B_gender,mlp,"h=256,seed=0",2,16,lda_shrink,compat_quant,0.9322818748826222,0.5517858731429588,0.5517858731429588,3.198943260514137e-05,0.0
rafdb,compat_B_gender,mlp,"h=256,seed=1",2,16,lda_shrink,compat_quant,0.9336417281973728,0.556161719499056,0.556161719499056,3.198943260514137e-05,0.0
rafdb,compat_B_gender,mlp,"h=1024,seed=0",2,16,lda_shrink,compat_quant,0.9345340469906789,0.5590927062637765,0.5590927062637765,3.198943260514137e-05,0.0
rafdb,compat_B_gender,mlp,"h=1024,seed=1",2,16,lda_shrink,compat_quant,0.9353682946357085,0.5499187003924126,0.5499187003924126,3.198943260514137e-05,0.0
rafdb,compat_B_gender,rff,gamma x0.5,2,16,lda_shrink,compat_quant,0.937727465923356,0.5488610641599699,0.5488610641599699,3.198943260514137e-05,0.0
rafdb,compat_B_gender,rff,gamma x2.0,2,16,lda_shrink,compat_quant,0.9276431021360299,0.5289606994237365,0.5289606994237365,3.198943260514137e-05,0.0
rafdb,compat_B_gender,tree,depth=None,2,16,lda_shrink,compat_quant,0.9395212466269312,0.5553576194288764,0.5553576194288764,3.198943260514137e-05,0.0
rafdb,compat_B_gender,tree,depth=6,2,16,lda_shrink,compat_quant,0.9385372495527287,0.5558006899346638,0.5558006899346638,3.198943260514137e-05,0.0
rafdb,compat_B_gender,knn,k=15,2,16,lda_shrink,compat_quant,0.9101970465261098,0.536655497237296,0.536655497237296,3.198943260514137e-05,0.0
rafdb,compat_B_gender,knn,k=50,2,16,lda_shrink,compat_quant,0.9128495388903715,0.5316040486710356,0.5316040486710356,3.198943260514137e-05,0.0
rafdb,compat_B_race,lr,wd=1e-05,0,16,lda_shrink,compat_quant,0.8164966185050145,0.3333333333333333,0.3333333333333333,3.198943260514137e-05,0.0
rafdb,compat_B_race,lr,wd=0.001,0,16,lda_shrink,compat_quant,0.8164966185050145,0.3333333333333333,0.3333333333333333,3.198943260514137e-05,0.0
rafdb,compat_B_race,lr,wd=0.1,0,16,lda_shrink,compat_quant,0.8180186643930102,0.3333333333333333,0.3333333333333333,3.198943260514137e-05,0.0
rafdb,compat_B_race,mlp,"h=256,seed=0",0,16,lda_shrink,compat_quant,0.8029303397047003,0.3333333333333333,0.3333333333333333,3.198943260514137e-05,0.0
rafdb,compat_B_race,mlp,"h=256,seed=1",0,16,lda_shrink,compat_quant,0.8047801920437062,0.33146812994426406,0.33132634630609586,3.198943260514137e-05,-0.0001417836381681914
rafdb,compat_B_race,mlp,"h=1024,seed=0",0,16,lda_shrink,compat_quant,0.8107805520839753,0.35183389650498925,0.35183389650498925,3.198943260514137e-05,0.0
rafdb,compat_B_race,mlp,"h=1024,seed=1",0,16,lda_shrink,compat_quant,0.8078715789033323,0.3564138309205163,0.3565556145586845,3.198943260514137e-05,0.0001417836381681914
rafdb,compat_B_race,rff,gamma x0.5,0,16,lda_shrink,compat_quant,0.8395067662077075,0.3333333333333333,0.3333333333333333,3.198943260514137e-05,0.0
rafdb,compat_B_race,rff,gamma x2.0,0,16,lda_shrink,compat_quant,0.8115348309530249,0.33313518849738405,0.33313518849738405,3.198943260514137e-05,0.0
rafdb,compat_B_race,tree,depth=None,0,16,lda_shrink,compat_quant,0.8077279474187358,0.3331915496951652,0.3331915496951652,3.198943260514137e-05,0.0
rafdb,compat_B_race,tree,depth=6,0,16,lda_shrink,compat_quant,0.8142645329226431,0.3344300283068245,0.33428824466865636,3.198943260514137e-05,-0.00014178363816813588
rafdb,compat_B_race,knn,k=15,0,16,lda_shrink,compat_quant,0.7126264836767305,0.3333333333333333,0.3333333333333333,3.198943260514137e-05,0.0
rafdb,compat_B_race,knn,k=50,0,16,lda_shrink,compat_quant,0.6659997032456485,0.3333333333333333,0.3333333333333333,3.198943260514137e-05,0.0
rafdb,compat_B_race,lr,wd=1e-05,1,16,lda_shrink,compat_quant,0.8171867496299283,0.3333333333333333,0.3333333333333333,3.198943260514137e-05,0.0
rafdb,compat_B_race,lr,wd=0.001,1,16,lda_shrink,compat_quant,0.8171867496299283,0.3333333333333333,0.3333333333333333,3.198943260514137e-05,0.0
rafdb,compat_B_race,lr,wd=0.1,1,16,lda_shrink,compat_quant,0.8186300381203567,0.3333333333333333,0.3333333333333333,3.198943260514137e-05,0.0
rafdb,compat_B_race,mlp,"h=256,seed=0",1,16,lda_shrink,compat_quant,0.8047801920437062,0.33146812994426406,0.33132634630609586,3.198943260514137e-05,-0.0001417836381681914
rafdb,compat_B_race,mlp,"h=256,seed=1",1,16,lda_shrink,compat_quant,0.8027352507777118,0.3333333333333333,0.3333333333333333,3.198943260514137e-05,0.0
rafdb,compat_B_race,mlp,"h=1024,seed=0",1,16,lda_shrink,compat_quant,0.8078715789033323,0.3564138309205163,0.3565556145586845,3.198943260514137e-05,0.0001417836381681914
rafdb,compat_B_race,mlp,"h=1024,seed=1",1,16,lda_shrink,compat_quant,0.8073577496394799,0.3484633794585157,0.3486051630966838,3.198943260514137e-05,0.00014178363816813588
rafdb,compat_B_race,rff,gamma x0.5,1,16,lda_shrink,compat_quant,0.8414008577213874,0.3333333333333333,0.3333333333333333,3.198943260514137e-05,0.0
rafdb,compat_B_race,rff,gamma x2.0,1,16,lda_shrink,compat_quant,0.8176303343854618,0.3333333333333333,0.3333333333333333,3.198943260514137e-05,0.0
rafdb,compat_B_race,tree,depth=None,1,16,lda_shrink,compat_quant,0.8109550060986083,0.335026224102103,0.335026224102103,3.198943260514137e-05,0.0
rafdb,compat_B_race,tree,depth=6,1,16,lda_shrink,compat_quant,0.8106690377509457,0.3331915496951652,0.3331915496951652,3.198943260514137e-05,0.0
rafdb,compat_B_race,knn,k=15,1,16,lda_shrink,compat_quant,0.7126264836767305,0.3333333333333333,0.3333333333333333,3.198943260514137e-05,0.0
rafdb,compat_B_race,knn,k=50,1,16,lda_shrink,compat_quant,0.6659997032456485,0.3333333333333333,0.3333333333333333,3.198943260514137e-05,0.0
rafdb,compat_B_race,lr,wd=1e-05,2,16,lda_shrink,compat_quant,0.8167801857813508,0.3333333333333333,0.3333333333333333,3.198943260514137e-05,0.0
rafdb,compat_B_race,lr,wd=0.001,2,16,lda_shrink,compat_quant,0.8167801857813508,0.3333333333333333,0.3333333333333333,3.198943260514137e-05,0.0
rafdb,compat_B_race,lr,wd=0.1,2,16,lda_shrink,compat_quant,0.818894818330766,0.3333333333333333,0.3333333333333333,3.198943260514137e-05,0.0
rafdb,compat_B_race,mlp,"h=256,seed=0",2,16,lda_shrink,compat_quant,0.8027352507777118,0.3333333333333333,0.3333333333333333,3.198943260514137e-05,0.0
rafdb,compat_B_race,mlp,"h=256,seed=1",2,16,lda_shrink,compat_quant,0.8026655594942911,0.33938570404089236,0.33938570404089236,3.198943260514137e-05,0.0
rafdb,compat_B_race,mlp,"h=1024,seed=0",2,16,lda_shrink,compat_quant,0.8073577496394799,0.3484633794585157,0.3486051630966838,3.198943260514137e-05,0.00014178363816813588
rafdb,compat_B_race,mlp,"h=1024,seed=1",2,16,lda_shrink,compat_quant,0.8077552473739109,0.3407677275781505,0.3407677275781505,3.198943260514137e-05,0.0
rafdb,compat_B_race,rff,gamma x0.5,2,16,lda_shrink,compat_quant,0.8406477003558726,0.3333333333333333,0.3333333333333333,3.198943260514137e-05,0.0
rafdb,compat_B_race,rff,gamma x2.0,2,16,lda_shrink,compat_quant,0.8253980786205742,0.3333333333333333,0.3333333333333333,3.198943260514137e-05,0.0
rafdb,compat_B_race,tree,depth=None,2,16,lda_shrink,compat_quant,0.8192814736098816,0.3333333333333333,0.3333333333333333,3.198943260514137e-05,0.0
rafdb,compat_B_race,tree,depth=6,2,16,lda_shrink,compat_quant,0.8184053196721256,0.3352431560039793,0.3352431560039793,3.198943260514137e-05,0.0
rafdb,compat_B_race,knn,k=15,2,16,lda_shrink,compat_quant,0.7126264836767305,0.3333333333333333,0.3333333333333333,3.198943260514137e-05,0.0
rafdb,compat_B_race,knn,k=50,2,16,lda_shrink,compat_quant,0.6659997032456485,0.3333333333333333,0.3333333333333333,3.198943260514137e-05,0.0
rafdb,compat_B_age,lr,wd=1e-05,0,16,lda_shrink,compat_quant,0.7565122059213225,0.22856873378557202,0.22856873378557202,3.198943260514137e-05,0.0
rafdb,compat_B_age,lr,wd=0.001,0,16,lda_shrink,compat_quant,0.7565122059213225,0.22856873378557202,0.22856873378557202,3.198943260514137e-05,0.0
rafdb,compat_B_age,lr,wd=0.1,0,16,lda_shrink,compat_quant,0.7587986287877089,0.22605706484279633,0.22605706484279633,3.198943260514137e-05,0.0
rafdb,compat_B_age,mlp,"h=256,seed=0",0,16,lda_shrink,compat_quant,0.7536254586768754,0.23703207700759413,0.23663367063309212,3.198943260514137e-05,-0.0003984063745020028
rafdb,compat_B_age,mlp,"h=256,seed=1",0,16,lda_shrink,compat_quant,0.7471938213701159,0.23988370329056524,0.23988370329056524,3.198943260514137e-05,0.0
rafdb,compat_B_age,mlp,"h=1024,seed=0",0,16,lda_shrink,compat_quant,0.7499967044941551,0.23639299674620884,0.23639299674620884,3.198943260514137e-05,0.0
rafdb,compat_B_age,mlp,"h=1024,seed=1",0,16,lda_shrink,compat_quant,0.7475533338917982,0.23473574318553808,0.23473574318553808,3.198943260514137e-05,0.0
rafdb,compat_B_age,rff,gamma x0.5,0,16,lda_shrink,compat_quant,0.7918802292439528,0.21912871459889965,0.21912871459889965,3.198943260514137e-05,0.0
rafdb,compat_B_age,rff,gamma x2.0,0,16,lda_shrink,compat_quant,0.7630221459110718,0.2214490317614124,0.2214490317614124,3.198943260514137e-05,0.0
rafdb,compat_B_age,tree,depth=None,0,16,lda_shrink,compat_quant,0.7468129936556974,0.21225656421128045,0.21225656421128045,3.198943260514137e-05,0.0
rafdb,compat_B_age,tree,depth=6,0,16,lda_shrink,compat_quant,0.743679947400417,0.21491671441730809,0.21491671441730809,3.198943260514137e-05,0.0
rafdb,compat_B_age,knn,k=15,0,16,lda_shrink,compat_quant,0.6924107886999872,0.2057428885987147,0.2057428885987147,3.198943260514137e-05,0.0
rafdb,compat_B_age,knn,k=50,0,16,lda_shrink,compat_quant,0.6553246814197251,0.20610389942903962,0.20610389942903962,3.198943260514137e-05,0.0
rafdb,compat_B_age,lr,wd=1e-05,1,16,lda_shrink,compat_quant,0.7573352511888121,0.22465271359481923,0.22465271359481923,3.198943260514137e-05,0.0
rafdb,compat_B_age,lr,wd=0.001,1,16,lda_shrink,compat_quant,0.7573352511888121,0.2245323766513776,0.2245323766513776,3.198943260514137e-05,0.0
rafdb,compat_B_age,lr,wd=0.1,1,16,lda_shrink,compat_quant,0.7595511477516469,0.22519874891247804,0.22519874891247804,3.198943260514137e-05,0.0
rafdb,compat_B_age,mlp,"h=256,seed=0",1,16,lda_shrink,compat_quant,0.7471938213701159,0.23988370329056524,0.23988370329056524,3.198943260514137e-05,0.0
rafdb,compat_B_age,mlp,"h=256,seed=1",1,16,lda_shrink,compat_quant,0.7460216418549872,0.235748228431966,0.235748228431966,3.198943260514137e-05,0.0
rafdb,compat_B_age,mlp,"h=1024,seed=0",1,16,lda_shrink,compat_quant,0.7475533338917982,0.23473574318553808,0.23473574318553808,3.198943260514137e-05,0.0
rafdb,compat_B_age,mlp,"h=1024,seed=1",1,16,lda_shrink,compat_quant,0.7582059199115622,0.23537978939525578,0.23537978939525578,3.198943260514137e-05,0.0
rafdb,compat_B_age,rff,gamma x0.5,1,16,lda_shrink,compat_quant,0.7842797137072208,0.20987759677221646,0.20987759677221646,3.198943260514137e-05,0.0
rafdb,compat_B_age,rff,gamma x2.0,1,16,lda_shrink,compat_quant,0.7623240986916228,0.20903320798900932,0.20903320798900932,3.198943260514137e-05,0.0
rafdb,compat_B_age,tree,depth=None,1,16,lda_shrink,compat_quant,0.752742664132238,0.22537862988479293,0.22537862988479293,3.198943260514137e-05,0.0
rafdb,compat_B_age,tree,depth=6,1,16,lda_shrink,compat_quant,0.7476141269122883,0.22802268663013409,0.22802268663013409,3.198943260514137e-05,0.0
rafdb,compat_B_age,knn,k=15,1,16,lda_shrink,compat_quant,0.6924107886999872,0.2057428885987147,0.2057428885987147,3.198943260514137e-05,0.0
rafdb,compat_B_age,knn,k=50,1,16,lda_shrink,compat_quant,0.6553246814197251,0.20610389942903962,0.20610389942903962,3.198943260514137e-05,0.0
rafdb,compat_B_age,lr,wd=1e-05,2,16,lda_shrink,compat_quant,0.7553481643236394,0.22683473590299555,0.22683473590299555,3.198943260514137e-05,0.0
rafdb,compat_B_age,lr,wd=0.001,2,16,lda_shrink,compat_quant,0.7553481643236394,0.22683473590299555,0.22683473590299555,3.198943260514137e-05,0.0
rafdb,compat_B_age,lr,wd=0.1,2,16,lda_shrink,compat_quant,0.7574063283988555,0.2265465629274733,0.2265465629274733,3.198943260514137e-05,0.0
rafdb,compat_B_age,mlp,"h=256,seed=0",2,16,lda_shrink,compat_quant,0.7460216418549872,0.235748228431966,0.235748228431966,3.198943260514137e-05,0.0
rafdb,compat_B_age,mlp,"h=256,seed=1",2,16,lda_shrink,compat_quant,0.7559958824237556,0.22817117381227567,0.22817117381227567,3.198943260514137e-05,0.0
rafdb,compat_B_age,mlp,"h=1024,seed=0",2,16,lda_shrink,compat_quant,0.7582059199115622,0.23537978939525578,0.23537978939525578,3.198943260514137e-05,0.0
rafdb,compat_B_age,mlp,"h=1024,seed=1",2,16,lda_shrink,compat_quant,0.753195448968228,0.2325027474005569,0.2325027474005569,3.198943260514137e-05,0.0
rafdb,compat_B_age,rff,gamma x0.5,2,16,lda_shrink,compat_quant,0.7777808513820661,0.21420000200058467,0.21420000200058467,3.198943260514137e-05,0.0
rafdb,compat_B_age,rff,gamma x2.0,2,16,lda_shrink,compat_quant,0.7629428765081276,0.21221782507917553,0.21221782507917553,3.198943260514137e-05,0.0
rafdb,compat_B_age,tree,depth=None,2,16,lda_shrink,compat_quant,0.7509490825176751,0.2354210854876464,0.23554142243108797,3.198943260514137e-05,0.00012033694344157353
rafdb,compat_B_age,tree,depth=6,2,16,lda_shrink,compat_quant,0.7491384991177618,0.22591689370047258,0.22579655675703095,3.198943260514137e-05,-0.00012033694344162904
rafdb,compat_B_age,knn,k=15,2,16,lda_shrink,compat_quant,0.6924107886999872,0.2057428885987147,0.2057428885987147,3.198943260514137e-05,0.0
rafdb,compat_B_age,knn,k=50,2,16,lda_shrink,compat_quant,0.6553246814197251,0.20610389942903962,0.20610389942903962,3.198943260514137e-05,0.0
