dataset,encoder,method,D,k,transmitted_bytes,seed,note,target,family,cfg,train_acc,train_bal,test_acc,test_bal,sec
rafdb_role_race,clip-vit-l14,raw_U,768,768,3072,0,A=race,A_kept,lr,wd=1e-05,0.8865618124032271,0.9074788549923903,0.8461538461538461,0.8164966185050145,2.2188191413879395
rafdb_role_race,clip-vit-l14,raw_U,768,768,3072,0,A=race,A_kept,lr,wd=0.001,0.8864803194523674,0.9074433600149296,0.8461538461538461,0.8164966185050145,0.19750022888183594
rafdb_role_race,clip-vit-l14,raw_U,768,768,3072,0,A=race,A_kept,lr,wd=0.1,0.8858283758454893,0.9067428725753249,0.8471316818774446,0.8180186643930102,0.17299962043762207
rafdb_role_race,clip-vit-l14,raw_U,768,768,3072,0,A=race,A_kept,mlp,"h=256,seed=0",1.0,1.0,0.8940677966101694,0.8029303397047003,1.567192792892456
rafdb_role_race,clip-vit-l14,raw_U,768,768,3072,0,A=race,A_kept,mlp,"h=256,seed=1",1.0,1.0,0.8953715775749674,0.8047801920437062,1.5034997463226318
rafdb_role_race,clip-vit-l14,raw_U,768,768,3072,0,A=race,A_kept,mlp,"h=1024,seed=0",1.0,1.0,0.8986310299869622,0.8107805520839753,2.756634473800659
rafdb_role_race,clip-vit-l14,raw_U,768,768,3072,0,A=race,A_kept,mlp,"h=1024,seed=1",1.0,1.0,0.8999348109517601,0.8078715789033323,2.755638837814331
rafdb_role_race,clip-vit-l14,raw_U,768,768,3072,0,A=race,A_kept,rff,gamma x0.5,0.8846874745334529,0.879868540768828,0.871251629726206,0.8395067662077075,1.2324256896972656
rafdb_role_race,clip-vit-l14,raw_U,768,768,3072,0,A=race,A_kept,rff,gamma x2.0,0.9092168527422378,0.923333708203696,0.8578878748370273,0.8115348309530249,0.39100122451782227
rafdb_role_race,clip-vit-l14,raw_U,768,768,3072,0,A=race,A_kept,tree,"depth=None,it=37",0.9620242848993562,0.963502735736817,0.8865710560625815,0.8077279474187358,66.8385763168335
rafdb_role_race,clip-vit-l14,raw_U,768,768,3072,0,A=race,A_kept,tree,"depth=6,it=37",0.9578681444055089,0.9616924918863218,0.885593220338983,0.8142645329226431,63.22560930252075
rafdb_role_race,clip-vit-l14,raw_U,768,768,3072,0,A=race,A_kept,knn,k=15,1.0,1.0,0.8842894393741851,0.7126264836767305,1.940277338027954
rafdb_role_race,clip-vit-l14,raw_U,768,768,3072,0,A=race,A_kept,knn,k=50,1.0,1.0,0.8735332464146024,0.6659997032456485,1.833503007888794
rafdb_role_race,clip-vit-l14,lda_shrink,768,2,8,0,A=race,A_kept,lr,wd=1e-05,0.8977263466710129,0.8572236715237566,0.8891786179921773,0.8387173293318689,0.21762704849243164
rafdb_role_race,clip-vit-l14,lda_shrink,768,2,8,0,A=race,A_kept,lr,wd=0.001,0.8978078396218727,0.8572591665012173,0.8895045632333768,0.8388591129700371,0.1640031337738037
rafdb_role_race,clip-vit-l14,lda_shrink,768,2,8,0,A=race,A_kept,lr,wd=0.1,0.8988672479830495,0.8568110485477408,0.8904823989569752,0.8392844638845416,0.17100310325622559
rafdb_role_race,clip-vit-l14,lda_shrink,768,2,8,0,A=race,A_kept,mlp,"h=256,seed=0",0.8723820389536305,0.8638858171436302,0.8591916558018253,0.8417710555006434,1.4430902004241943
rafdb_role_race,clip-vit-l14,lda_shrink,768,2,8,0,A=race,A_kept,mlp,"h=256,seed=1",0.871567109445033,0.8641315623898694,0.8582138200782269,0.8400629867998056,1.4180269241333008
rafdb_role_race,clip-vit-l14,lda_shrink,768,2,8,0,A=race,A_kept,mlp,"h=1024,seed=0",0.8731154755113683,0.8659337275397995,0.8578878748370273,0.8360827707544184,1.4706966876983643
rafdb_role_race,clip-vit-l14,lda_shrink,768,2,8,0,A=race,A_kept,mlp,"h=1024,seed=1",0.8681444055089235,0.8662053545148662,0.8526727509778357,0.8382010124376924,1.4724740982055664
rafdb_role_race,clip-vit-l14,lda_shrink,768,2,8,0,A=race,A_kept,rff,gamma x0.5,0.86928530682096,0.8638007431611624,0.8533246414602347,0.8370255600666342,0.3451995849609375
rafdb_role_race,clip-vit-l14,lda_shrink,768,2,8,0,A=race,A_kept,rff,gamma x2.0,0.8743378697742645,0.8681946078007327,0.8591916558018253,0.8296782479368984,0.35168910026550293
rafdb_role_race,clip-vit-l14,lda_shrink,768,2,8,0,A=race,A_kept,tree,"depth=None,it=36",0.8835465732214164,0.8912837649195001,0.8582138200782269,0.8376738530882003,0.31885504722595215
rafdb_role_race,clip-vit-l14,lda_shrink,768,2,8,0,A=race,A_kept,tree,"depth=6,it=42",0.8827316437128189,0.882436664033921,0.8595176010430248,0.8378786629669696,0.31799817085266113
rafdb_role_race,clip-vit-l14,lda_shrink,768,2,8,0,A=race,A_kept,knn,k=15,1.0,1.0,0.8930899608865711,0.7904316231300124,0.05400228500366211
rafdb_role_race,clip-vit-l14,lda_shrink,768,2,8,0,A=race,A_kept,knn,k=50,1.0,1.0,0.8983050847457628,0.795999967212957,0.1106405258178711
rafdb_role_race,clip-vit-l14,lda_shrink,768,2,8,0,A=race,B_emotion,lr,wd=1e-05,0.11449759595794964,0.17335162747055005,0.11538461538461539,0.17952800113799955,0.18448448181152344
rafdb_role_race,clip-vit-l14,lda_shrink,768,2,8,0,A=race,B_emotion,lr,wd=0.001,0.11449759595794964,0.17335162747055005,0.11538461538461539,0.17952800113799955,0.16200017929077148
rafdb_role_race,clip-vit-l14,lda_shrink,768,2,8,0,A=race,B_emotion,lr,wd=0.1,0.11433461005623013,0.1722825012716537,0.11571056062581486,0.18184286519895446,0.1639995574951172
rafdb_role_race,clip-vit-l14,lda_shrink,768,2,8,0,A=race,B_emotion,mlp,"h=256,seed=0",0.1891451389454812,0.20885152996384462,0.1769882659713168,0.18143704805436658,1.4391765594482422
rafdb_role_race,clip-vit-l14,lda_shrink,768,2,8,0,A=race,B_emotion,mlp,"h=256,seed=1",0.17643223861136012,0.20628987225414105,0.1619947848761408,0.1770566295330465,1.423809289932251
rafdb_role_race,clip-vit-l14,lda_shrink,768,2,8,0,A=race,B_emotion,mlp,"h=1024,seed=0",0.15785184581533698,0.21176942047239433,0.14308996088657105,0.17423567999312445,1.4437999725341797
rafdb_role_race,clip-vit-l14,lda_shrink,768,2,8,0,A=race,B_emotion,mlp,"h=1024,seed=1",0.2198679814196072,0.2051158934758718,0.20404172099087353,0.18295233581227582,1.4346604347229004
rafdb_role_race,clip-vit-l14,lda_shrink,768,2,8,0,A=race,B_emotion,rff,gamma x0.5,0.16567516909787303,0.20402315098637389,0.15319426336375488,0.18095176771918328,0.3557398319244385
rafdb_role_race,clip-vit-l14,lda_shrink,768,2,8,0,A=race,B_emotion,rff,gamma x2.0,0.19737592698231604,0.22364965861650274,0.1698174706649283,0.1723190220986434,0.35748815536499023
rafdb_role_race,clip-vit-l14,lda_shrink,768,2,8,0,A=race,B_emotion,tree,"depth=None,it=12",0.24602721864558716,0.33489899115538935,0.1606910039113429,0.1755253878703659,0.27353668212890625
rafdb_role_race,clip-vit-l14,lda_shrink,768,2,8,0,A=race,B_emotion,tree,"depth=6,it=15",0.23600358568983784,0.30362590101997655,0.15938722294654498,0.16907823602437763,0.30700016021728516
rafdb_role_race,clip-vit-l14,lda_shrink,768,2,8,0,A=race,B_emotion,knn,k=15,1.0,1.0,0.31910039113428945,0.15148819325783644,0.057000160217285156
rafdb_role_race,clip-vit-l14,lda_shrink,768,2,8,0,A=race,B_emotion,knn,k=50,1.0,1.0,0.3539765319426336,0.15101722239083323,0.1367025375366211
rafdb_role_race,clip-vit-l14,lda_shrink,768,2,8,0,A=race,B_gender,lr,wd=1e-05,0.561854327632607,0.5403876415503104,0.5458347856395956,0.5263304470737084,0.18596124649047852
rafdb_role_race,clip-vit-l14,lda_shrink,768,2,8,0,A=race,B_gender,lr,wd=0.001,0.561854327632607,0.5403876415503104,0.5458347856395956,0.5263304470737084,0.16200518608093262
rafdb_role_race,clip-vit-l14,lda_shrink,768,2,8,0,A=race,B_gender,lr,wd=0.1,0.5626356454553346,0.5410240657278317,0.5472289996514464,0.5274733366940466,0.16399455070495605
rafdb_role_race,clip-vit-l14,lda_shrink,768,2,8,0,A=race,B_gender,mlp,"h=256,seed=0",0.5564719159649275,0.556609302666756,0.5437434646218194,0.5444644604572546,1.4073779582977295
rafdb_role_race,clip-vit-l14,lda_shrink,768,2,8,0,A=race,B_gender,mlp,"h=256,seed=1",0.5694070665856411,0.556589135323305,0.5454862321366329,0.5339061372554834,1.4011578559875488
rafdb_role_race,clip-vit-l14,lda_shrink,768,2,8,0,A=race,B_gender,mlp,"h=1024,seed=0",0.5874641895997916,0.5555628757820149,0.5569884977344022,0.5291477626545681,1.4329071044921875
rafdb_role_race,clip-vit-l14,lda_shrink,768,2,8,0,A=race,B_gender,mlp,"h=1024,seed=1",0.5799114506467575,0.5584075318387323,0.557337051237365,0.5388075892813016,1.462540626525879
rafdb_role_race,clip-vit-l14,lda_shrink,768,2,8,0,A=race,B_gender,rff,gamma x0.5,0.5540411494053303,0.5526254683911631,0.5447891251307075,0.5446569601360101,0.33296847343444824
rafdb_role_race,clip-vit-l14,lda_shrink,768,2,8,0,A=race,B_gender,rff,gamma x2.0,0.570275197499783,0.5583379452809554,0.5486232136632974,0.5391592286174619,0.34542322158813477
rafdb_role_race,clip-vit-l14,lda_shrink,768,2,8,0,A=race,B_gender,tree,"depth=None,it=19",0.5943224238215122,0.590398318560037,0.5284071104914604,0.5237333076337614,0.1648998260498047
rafdb_role_race,clip-vit-l14,lda_shrink,768,2,8,0,A=race,B_gender,tree,"depth=6,it=19",0.5858147408629222,0.5821416052479855,0.5249215754618334,0.5204635313188822,0.17000937461853027
rafdb_role_race,clip-vit-l14,lda_shrink,768,2,8,0,A=race,B_gender,knn,k=15,1.0,1.0,0.5423492506099686,0.5204936788937323,0.05299854278564453
rafdb_role_race,clip-vit-l14,lda_shrink,768,2,8,0,A=race,B_gender,knn,k=50,1.0,1.0,0.5510630881840363,0.5200503612766756,0.1082003116607666
rafdb_role_race,clip-vit-l14,lda_shrink,768,2,8,0,A=race,B_age,lr,wd=1e-05,0.2560508516013365,0.2632765475853545,0.242503259452412,0.2403929569235011,0.1826491355895996
rafdb_role_race,clip-vit-l14,lda_shrink,768,2,8,0,A=race,B_age,lr,wd=0.001,0.2560508516013365,0.2632765475853545,0.24217731421121252,0.2402726199800595,0.1639995574951172
rafdb_role_race,clip-vit-l14,lda_shrink,768,2,8,0,A=race,B_age,lr,wd=0.1,0.2553174150435987,0.2632951128892896,0.24185136897001303,0.2407084218987386,0.16299986839294434
rafdb_role_race,clip-vit-l14,lda_shrink,768,2,8,0,A=race,B_age,mlp,"h=256,seed=0",0.224513079618613,0.3027597817394768,0.21870925684485007,0.2933124901899584,1.4308569431304932
rafdb_role_race,clip-vit-l14,lda_shrink,768,2,8,0,A=race,B_age,mlp,"h=256,seed=1",0.2372259799527341,0.3086490474982941,0.2242503259452412,0.2899505053707368,1.4245383739471436
rafdb_role_race,clip-vit-l14,lda_shrink,768,2,8,0,A=race,B_age,mlp,"h=1024,seed=0",0.23266237470458806,0.3113572308655253,0.22490221642764016,0.29655576655983223,1.4312469959259033
rafdb_role_race,clip-vit-l14,lda_shrink,768,2,8,0,A=race,B_age,mlp,"h=1024,seed=1",0.2675413576725613,0.3129164205594252,0.2486962190352021,0.27815811668138707,1.4476237297058105
rafdb_role_race,clip-vit-l14,lda_shrink,768,2,8,0,A=race,B_age,rff,gamma x0.5,0.22883220601417978,0.3049000650443202,0.21903520208604954,0.2851698251695361,0.3471415042877197
rafdb_role_race,clip-vit-l14,lda_shrink,768,2,8,0,A=race,B_age,rff,gamma x2.0,0.24032271208540462,0.3204156691823634,0.21544980443285527,0.2753288283156754,0.348116397857666
rafdb_role_race,clip-vit-l14,lda_shrink,768,2,8,0,A=race,B_age,tree,"depth=None,it=18",0.3359954363947519,0.43479699577157727,0.25130378096479794,0.2695857038687895,0.2905106544494629
rafdb_role_race,clip-vit-l14,lda_shrink,768,2,8,0,A=race,B_age,tree,"depth=6,it=18",0.3029907912965529,0.3895778743122703,0.22783572359843546,0.27026489097552936,0.26630115509033203
rafdb_role_race,clip-vit-l14,lda_shrink,768,2,8,0,A=race,B_age,knn,k=15,1.0,1.0,0.49608865710560623,0.23031018209285775,0.05900406837463379
rafdb_role_race,clip-vit-l14,lda_shrink,768,2,8,0,A=race,B_age,knn,k=50,1.0,1.0,0.5361799217731421,0.23169414962073293,0.12206292152404785
rafdb_role_race,clip-vit-l14,raw_U,768,768,3072,1,A=race,A_kept,lr,wd=1e-05,0.8861543476489284,0.9071625375651138,0.8464797913950456,0.8171867496299283,0.18453407287597656
rafdb_role_race,clip-vit-l14,raw_U,768,768,3072,1,A=race,A_kept,lr,wd=0.001,0.8861543476489284,0.9071625375651138,0.8464797913950456,0.8171867496299283,0.17599177360534668
rafdb_role_race,clip-vit-l14,raw_U,768,768,3072,1,A=race,A_kept,lr,wd=0.1,0.8848504604351723,0.9059769026465044,0.848109517601043,0.8186300381203567,0.17700481414794922
rafdb_role_race,clip-vit-l14,raw_U,768,768,3072,1,A=race,A_kept,mlp,"h=256,seed=0",1.0,1.0,0.8953715775749674,0.8047801920437062,1.4427475929260254
rafdb_role_race,clip-vit-l14,raw_U,768,768,3072,1,A=race,A_kept,mlp,"h=256,seed=1",1.0,1.0,0.8927640156453716,0.8027352507777118,1.4725353717803955
rafdb_role_race,clip-vit-l14,raw_U,768,768,3072,1,A=race,A_kept,mlp,"h=1024,seed=0",1.0,1.0,0.8999348109517601,0.8078715789033323,2.7017087936401367
rafdb_role_race,clip-vit-l14,raw_U,768,768,3072,1,A=race,A_kept,mlp,"h=1024,seed=1",1.0,1.0,0.8996088657105606,0.8073577496394799,2.7054550647735596
rafdb_role_race,clip-vit-l14,raw_U,768,768,3072,1,A=race,A_kept,rff,gamma x0.5,0.8896585445358977,0.8838840122745336,0.8722294654498044,0.8414008577213874,0.7260599136352539
rafdb_role_race,clip-vit-l14,raw_U,768,768,3072,1,A=race,A_kept,rff,gamma x2.0,0.9103577540542743,0.9243860080480378,0.8575619295958279,0.8176303343854618,0.4086110591888428
rafdb_role_race,clip-vit-l14,raw_U,768,768,3072,1,A=race,A_kept,tree,"depth=None,it=32",0.9565642571917529,0.9605380295273854,0.885593220338983,0.8109550060986083,63.54840302467346
rafdb_role_race,clip-vit-l14,raw_U,768,768,3072,1,A=race,A_kept,tree,"depth=6,it=32",0.9525711025996252,0.9571326651521349,0.8807040417209909,0.8106690377509457,66.81341981887817
rafdb_role_race,clip-vit-l14,raw_U,768,768,3072,1,A=race,A_kept,knn,k=15,1.0,1.0,0.8842894393741851,0.7126264836767305,1.7688589096069336
rafdb_role_race,clip-vit-l14,raw_U,768,768,3072,1,A=race,A_kept,knn,k=50,1.0,1.0,0.8735332464146024,0.6659997032456485,1.9206719398498535
rafdb_role_race,clip-vit-l14,lda_shrink,768,2,8,1,A=race,A_kept,lr,wd=1e-05,0.8969114171624154,0.8554774283923073,0.8885267275097783,0.8382477392426905,0.19400715827941895
rafdb_role_race,clip-vit-l14,lda_shrink,768,2,8,1,A=race,A_kept,lr,wd=0.001,0.8969114171624154,0.8554774283923073,0.8885267275097783,0.8382477392426905,0.16802406311035156
rafdb_role_race,clip-vit-l14,lda_shrink,768,2,8,1,A=race,A_kept,lr,wd=0.1,0.8978893325727325,0.8549314703420242,0.8888526727509778,0.835824087308192,0.16205096244812012
rafdb_role_race,clip-vit-l14,lda_shrink,768,2,8,1,A=race,A_kept,mlp,"h=256,seed=0",0.871567109445033,0.8641315623898694,0.8582138200782269,0.8400629867998056,1.4872641563415527
rafdb_role_race,clip-vit-l14,lda_shrink,768,2,8,1,A=race,A_kept,mlp,"h=256,seed=1",0.8727080107570695,0.8643508069943729,0.8591916558018253,0.8404883377143101,1.393700122833252
rafdb_role_race,clip-vit-l14,lda_shrink,768,2,8,1,A=race,A_kept,mlp,"h=1024,seed=0",0.8681444055089235,0.8662053545148662,0.8526727509778357,0.8382010124376924,1.4770681858062744
rafdb_role_race,clip-vit-l14,lda_shrink,768,2,8,1,A=race,A_kept,mlp,"h=1024,seed=1",0.8714041235433135,0.8656955103549517,0.855606258148631,0.8352665871483026,1.4365952014923096
rafdb_role_race,clip-vit-l14,lda_shrink,768,2,8,1,A=race,A_kept,rff,gamma x0.5,0.8692038138701003,0.8641506032439478,0.8543024771838331,0.8389099306285331,0.34186482429504395
rafdb_role_race,clip-vit-l14,lda_shrink,768,2,8,1,A=race,A_kept,rff,gamma x2.0,0.8727895037079293,0.8672113455893604,0.8565840938722294,0.8285439788315531,0.35999250411987305
rafdb_role_race,clip-vit-l14,lda_shrink,768,2,8,1,A=race,A_kept,tree,"depth=None,it=26",0.8834650802705566,0.8891032867230974,0.8614732724902217,0.8385433419831364,0.2646493911743164
rafdb_role_race,clip-vit-l14,lda_shrink,768,2,8,1,A=race,A_kept,tree,"depth=6,it=27",0.8850949392877516,0.8836842262979925,0.8591916558018253,0.8338887259698016,0.2615244388580322
rafdb_role_race,clip-vit-l14,lda_shrink,768,2,8,1,A=race,A_kept,knn,k=15,1.0,1.0,0.8930899608865711,0.7904316231300124,0.06000113487243652
rafdb_role_race,clip-vit-l14,lda_shrink,768,2,8,1,A=race,A_kept,knn,k=50,1.0,1.0,0.8983050847457628,0.795999967212957,0.1060333251953125
rafdb_role_race,clip-vit-l14,lda_shrink,768,2,8,1,A=race,B_emotion,lr,wd=1e-05,0.11449759595794964,0.17335162747055005,0.11538461538461539,0.17952800113799955,0.16973161697387695
rafdb_role_race,clip-vit-l14,lda_shrink,768,2,8,1,A=race,B_emotion,lr,wd=0.001,0.11449759595794964,0.17335162747055005,0.11538461538461539,0.17952800113799955,0.16600322723388672
rafdb_role_race,clip-vit-l14,lda_shrink,768,2,8,1,A=race,B_emotion,lr,wd=0.1,0.11425311710537038,0.17197249698758027,0.1150586701434159,0.18007919676861933,0.1589975357055664
rafdb_role_race,clip-vit-l14,lda_shrink,768,2,8,1,A=race,B_emotion,mlp,"h=256,seed=0",0.17643223861136012,0.20628987225414105,0.1619947848761408,0.1770566295330465,1.4124090671539307
rafdb_role_race,clip-vit-l14,lda_shrink,768,2,8,1,A=race,B_emotion,mlp,"h=256,seed=1",0.19696846222801728,0.20613714616813691,0.1835071707953064,0.18805784882784743,1.4067766666412354
rafdb_role_race,clip-vit-l14,lda_shrink,768,2,8,1,A=race,B_emotion,mlp,"h=1024,seed=0",0.2198679814196072,0.2051158934758718,0.20404172099087353,0.18295233581227582,1.4305460453033447
rafdb_role_race,clip-vit-l14,lda_shrink,768,2,8,1,A=race,B_emotion,mlp,"h=1024,seed=1",0.16420829598239753,0.2115687070404108,0.14797913950456323,0.1760826432986418,1.427919864654541
rafdb_role_race,clip-vit-l14,lda_shrink,768,2,8,1,A=race,B_emotion,rff,gamma x0.5,0.15956319778339173,0.19855521514813904,0.15091264667535853,0.18375921905311907,0.35097169876098633
rafdb_role_race,clip-vit-l14,lda_shrink,768,2,8,1,A=race,B_emotion,rff,gamma x2.0,0.18710781517398745,0.22592966470801024,0.15971316818774445,0.16038725093533396,0.3526897430419922
rafdb_role_race,clip-vit-l14,lda_shrink,768,2,8,1,A=race,B_emotion,tree,"depth=None,it=10",0.23478119142694157,0.3283577942404642,0.15645371577574968,0.17578421431218855,0.24762916564941406
rafdb_role_race,clip-vit-l14,lda_shrink,768,2,8,1,A=race,B_emotion,tree,"depth=6,it=14",0.21579333387661967,0.29542498837061226,0.14341590612777053,0.17568056749190922,0.30457139015197754
rafdb_role_race,clip-vit-l14,lda_shrink,768,2,8,1,A=race,B_emotion,knn,k=15,1.0,1.0,0.31910039113428945,0.15148819325783644,0.06499981880187988
rafdb_role_race,clip-vit-l14,lda_shrink,768,2,8,1,A=race,B_emotion,knn,k=50,1.0,1.0,0.3539765319426336,0.15101722239083323,0.12973833084106445
rafdb_role_race,clip-vit-l14,lda_shrink,768,2,8,1,A=race,B_gender,lr,wd=1e-05,0.561854327632607,0.5403876415503104,0.5458347856395956,0.5263304470737084,0.17235779762268066
rafdb_role_race,clip-vit-l14,lda_shrink,768,2,8,1,A=race,B_gender,lr,wd=0.001,0.561854327632607,0.5403876415503104,0.5458347856395956,0.5263304470737084,0.14577913284301758
rafdb_role_race,clip-vit-l14,lda_shrink,768,2,8,1,A=race,B_gender,lr,wd=0.1,0.5614202621755361,0.5400806736778108,0.5454862321366329,0.526113483379296,0.1468806266784668
rafdb_role_race,clip-vit-l14,lda_shrink,768,2,8,1,A=race,B_gender,mlp,"h=256,seed=0",0.5694070665856411,0.556589135323305,0.5454862321366329,0.5339061372554834,1.3753607273101807
rafdb_role_race,clip-vit-l14,lda_shrink,768,2,8,1,A=race,B_gender,mlp,"h=256,seed=1",0.5477037937320948,0.554390479857958,0.5298013245033113,0.5368860520515177,1.3768243789672852
rafdb_role_race,clip-vit-l14,lda_shrink,768,2,8,1,A=race,B_gender,mlp,"h=1024,seed=0",0.5799114506467575,0.5584075318387323,0.557337051237365,0.5388075892813016,1.4067015647888184
rafdb_role_race,clip-vit-l14,lda_shrink,768,2,8,1,A=race,B_gender,mlp,"h=1024,seed=1",0.5872037503255491,0.5518063084065173,0.5601254792610666,0.5296335834099378,1.4106063842773438
rafdb_role_race,clip-vit-l14,lda_shrink,768,2,8,1,A=race,B_gender,rff,gamma x0.5,0.5552565326851289,0.5512497696588097,0.5426978041129313,0.5406965078235428,0.32857322692871094
rafdb_role_race,clip-vit-l14,lda_shrink,768,2,8,1,A=race,B_gender,rff,gamma x2.0,0.5679312440316,0.557958285817617,0.5350296270477518,0.5267554784568396,0.33699631690979004
rafdb_role_race,clip-vit-l14,lda_shrink,768,2,8,1,A=race,B_gender,tree,"depth=None,it=13",0.5949301154614116,0.5838017219345131,0.5291042174973859,0.5185748598879103,0.1594705581665039
rafdb_role_race,clip-vit-l14,lda_shrink,768,2,8,1,A=race,B_gender,tree,"depth=6,it=14",0.5918048441705009,0.5779007449435459,0.5329383060299756,0.5194946080321047,0.16499805450439453
rafdb_role_race,clip-vit-l14,lda_shrink,768,2,8,1,A=race,B_gender,knn,k=15,1.0,1.0,0.5423492506099686,0.5204936788937323,0.04956316947937012
rafdb_role_race,clip-vit-l14,lda_shrink,768,2,8,1,A=race,B_gender,knn,k=50,1.0,1.0,0.5510630881840363,0.5200503612766756,0.10803699493408203
rafdb_role_race,clip-vit-l14,lda_shrink,768,2,8,1,A=race,B_age,lr,wd=1e-05,0.2560508516013365,0.2632765475853545,0.242503259452412,0.2403929569235011,0.1579744815826416
rafdb_role_race,clip-vit-l14,lda_shrink,768,2,8,1,A=race,B_age,lr,wd=0.001,0.2559693586504767,0.26324592440360595,0.24217731421121252,0.2402726199800595,0.14700078964233398
rafdb_role_race,clip-vit-l14,lda_shrink,768,2,8,1,A=race,B_age,lr,wd=0.1,0.25311710537038545,0.26332672235859517,0.23989569752281617,0.24450506154549484,0.14499926567077637
rafdb_role_race,clip-vit-l14,lda_shrink,768,2,8,1,A=race,B_age,mlp,"h=256,seed=0",0.2372259799527341,0.3086490474982941,0.2242503259452412,0.2899505053707368,1.37904953956604
rafdb_role_race,clip-vit-l14,lda_shrink,768,2,8,1,A=race,B_age,mlp,"h=256,seed=1",0.22638741748838725,0.3031178571349805,0.211864406779661,0.2864281374349248,1.386237621307373
rafdb_role_race,clip-vit-l14,lda_shrink,768,2,8,1,A=race,B_age,mlp,"h=1024,seed=0",0.2675413576725613,0.3129164205594252,0.2486962190352021,0.27815811668138707,1.4042298793792725
rafdb_role_race,clip-vit-l14,lda_shrink,768,2,8,1,A=race,B_age,mlp,"h=1024,seed=1",0.23021758617879554,0.31014206607846234,0.2180573663624511,0.2962324028898614,1.4030859470367432
rafdb_role_race,clip-vit-l14,lda_shrink,768,2,8,1,A=race,B_age,rff,gamma x0.5,0.23893733192078886,0.3059635019369481,0.22653194263363755,0.28661221559549765,0.35039591789245605
rafdb_role_race,clip-vit-l14,lda_shrink,768,2,8,1,A=race,B_age,rff,gamma x2.0,0.23298834650802705,0.31973333254870384,0.20795306388526727,0.2754761192565016,0.3537788391113281
rafdb_role_race,clip-vit-l14,lda_shrink,768,2,8,1,A=race,B_age,tree,"depth=None,it=15",0.3230380572080515,0.4292500784231228,0.24152542372881355,0.27791520583407675,0.24406862258911133
rafdb_role_race,clip-vit-l14,lda_shrink,768,2,8,1,A=race,B_age,tree,"depth=6,it=18",0.28734414473148073,0.3923465946181429,0.22816166883963493,0.27227391656958266,0.26796412467956543
rafdb_role_race,clip-vit-l14,lda_shrink,768,2,8,1,A=race,B_age,knn,k=15,1.0,1.0,0.49608865710560623,0.23031018209285775,0.0690000057220459
rafdb_role_race,clip-vit-l14,lda_shrink,768,2,8,1,A=race,B_age,knn,k=50,1.0,1.0,0.5361799217731421,0.23169414962073293,0.12803363800048828
rafdb_role_race,clip-vit-l14,raw_U,768,768,3072,2,A=race,A_kept,lr,wd=1e-05,0.8860728546980686,0.9072658851276262,0.8468057366362451,0.8167801857813508,0.19093084335327148
rafdb_role_race,clip-vit-l14,raw_U,768,768,3072,2,A=race,A_kept,lr,wd=0.001,0.8860728546980686,0.9072658851276262,0.8468057366362451,0.8167801857813508,0.17500042915344238
rafdb_role_race,clip-vit-l14,raw_U,768,768,3072,2,A=race,A_kept,lr,wd=0.1,0.8850134463368918,0.9062179077010719,0.847457627118644,0.818894818330766,0.17391276359558105
rafdb_role_race,clip-vit-l14,raw_U,768,768,3072,2,A=race,A_kept,mlp,"h=256,seed=0",1.0,1.0,0.8927640156453716,0.8027352507777118,1.461559772491455
rafdb_role_race,clip-vit-l14,raw_U,768,768,3072,2,A=race,A_kept,mlp,"h=256,seed=1",1.0,1.0,0.8947196870925684,0.8026655594942911,1.4364135265350342
rafdb_role_race,clip-vit-l14,raw_U,768,768,3072,2,A=race,A_kept,mlp,"h=1024,seed=0",1.0,1.0,0.8996088657105606,0.8073577496394799,2.7063887119293213
rafdb_role_race,clip-vit-l14,raw_U,768,768,3072,2,A=race,A_kept,mlp,"h=1024,seed=1",1.0,1.0,0.8979791395045632,0.8077552473739109,2.7100582122802734
rafdb_role_race,clip-vit-l14,raw_U,768,768,3072,2,A=race,A_kept,rff,gamma x0.5,0.8918588542091109,0.8895035458628217,0.8709256844850065,0.8406477003558726,0.5807890892028809
rafdb_role_race,clip-vit-l14,raw_U,768,768,3072,2,A=race,A_kept,rff,gamma x2.0,0.9123135848749083,0.9291595191431248,0.8611473272490222,0.8253980786205742,0.41065049171447754
rafdb_role_race,clip-vit-l14,raw_U,768,768,3072,2,A=race,A_kept,tree,"depth=None,it=32",0.9537120039116617,0.9609646837530498,0.8878748370273793,0.8192814736098816,62.868566036224365
rafdb_role_race,clip-vit-l14,raw_U,768,768,3072,2,A=race,A_kept,tree,"depth=6,it=35",0.9559123135848749,0.9608434803843768,0.8875488917861799,0.8184053196721256,62.572585105895996
rafdb_role_race,clip-vit-l14,raw_U,768,768,3072,2,A=race,A_kept,knn,k=15,1.0,1.0,0.8842894393741851,0.7126264836767305,1.7129075527191162
rafdb_role_race,clip-vit-l14,raw_U,768,768,3072,2,A=race,A_kept,knn,k=50,1.0,1.0,0.8735332464146024,0.6659997032456485,1.9155828952789307
rafdb_role_race,clip-vit-l14,lda_shrink,768,2,8,2,A=race,A_kept,lr,wd=1e-05,0.8977263466710129,0.8534408824276992,0.8917861799217731,0.8376484875384511,0.17397737503051758
rafdb_role_race,clip-vit-l14,lda_shrink,768,2,8,2,A=race,A_kept,lr,wd=0.001,0.8977263466710129,0.8534408824276992,0.8917861799217731,0.8376484875384511,0.16499900817871094
rafdb_role_race,clip-vit-l14,lda_shrink,768,2,8,2,A=race,A_kept,lr,wd=0.1,0.8984597832287508,0.8527260943256877,0.8924380704041721,0.8366493370284541,0.1639995574951172
rafdb_role_race,clip-vit-l14,lda_shrink,768,2,8,2,A=race,A_kept,mlp,"h=256,seed=0",0.8727080107570695,0.8643508069943729,0.8591916558018253,0.8404883377143101,1.4046127796173096
rafdb_role_race,clip-vit-l14,lda_shrink,768,2,8,2,A=race,A_kept,mlp,"h=256,seed=1",0.87254502485535,0.8646651720996977,0.8578878748370273,0.8406555734612251,1.402284860610962
rafdb_role_race,clip-vit-l14,lda_shrink,768,2,8,2,A=race,A_kept,mlp,"h=1024,seed=0",0.8714041235433135,0.8656955103549517,0.855606258148631,0.8352665871483026,1.4166457653045654
rafdb_role_race,clip-vit-l14,lda_shrink,768,2,8,2,A=race,A_kept,mlp,"h=1024,seed=1",0.8745823486268438,0.866850322214038,0.8598435462842242,0.8363851250966817,1.4328968524932861
rafdb_role_race,clip-vit-l14,lda_shrink,768,2,8,2,A=race,A_kept,rff,gamma x0.5,0.8683888843615027,0.8641045111089601,0.8543024771838331,0.8427580839875332,0.3440091609954834
rafdb_role_race,clip-vit-l14,lda_shrink,768,2,8,2,A=race,A_kept,rff,gamma x2.0,0.873196968462228,0.8669099477373985,0.8585397653194263,0.8306773984468953,0.37156248092651367
rafdb_role_race,clip-vit-l14,lda_shrink,768,2,8,2,A=race,A_kept,tree,"depth=None,it=27",0.8826501507619591,0.8893660522277288,0.8526727509778357,0.8273909226602808,0.26796698570251465
rafdb_role_race,clip-vit-l14,lda_shrink,768,2,8,2,A=race,A_kept,tree,"depth=6,it=28",0.8821611930568006,0.8821117017710692,0.85625814863103,0.8351781087989547,0.27222108840942383
rafdb_role_race,clip-vit-l14,lda_shrink,768,2,8,2,A=race,A_kept,knn,k=15,1.0,1.0,0.8930899608865711,0.7904316231300124,0.05200052261352539
rafdb_role_race,clip-vit-l14,lda_shrink,768,2,8,2,A=race,A_kept,knn,k=50,1.0,1.0,0.8983050847457628,0.795999967212957,0.11365318298339844
rafdb_role_race,clip-vit-l14,lda_shrink,768,2,8,2,A=race,B_emotion,lr,wd=1e-05,0.11449759595794964,0.17335162747055005,0.11538461538461539,0.17952800113799955,0.1580948829650879
rafdb_role_race,clip-vit-l14,lda_shrink,768,2,8,2,A=race,B_emotion,lr,wd=0.001,0.11449759595794964,0.17335162747055005,0.11571056062581486,0.1804098353531671,0.1490001678466797
rafdb_role_race,clip-vit-l14,lda_shrink,768,2,8,2,A=race,B_emotion,lr,wd=0.1,0.11482356776138863,0.17291416776972612,0.11734028683181226,0.1834755060658966,0.14574050903320312
rafdb_role_race,clip-vit-l14,lda_shrink,768,2,8,2,A=race,B_emotion,mlp,"h=256,seed=0",0.19696846222801728,0.20613714616813691,0.1835071707953064,0.18805784882784743,1.3758718967437744
rafdb_role_race,clip-vit-l14,lda_shrink,768,2,8,2,A=race,B_emotion,mlp,"h=256,seed=1",0.18295167468014017,0.20767452973989783,0.17046936114732725,0.17976831658219514,1.3922228813171387
rafdb_role_race,clip-vit-l14,lda_shrink,768,2,8,2,A=race,B_emotion,mlp,"h=1024,seed=0",0.16420829598239753,0.2115687070404108,0.14797913950456323,0.1760826432986418,1.4047834873199463
rafdb_role_race,clip-vit-l14,lda_shrink,768,2,8,2,A=race,B_emotion,mlp,"h=1024,seed=1",0.1633933664738,0.21303632504758122,0.15058670143415906,0.1797190991357938,1.392815113067627
rafdb_role_race,clip-vit-l14,lda_shrink,768,2,8,2,A=race,B_emotion,rff,gamma x0.5,0.17154266155977507,0.20249784386018477,0.1590612777053455,0.18627215366971692,0.344623327255249
rafdb_role_race,clip-vit-l14,lda_shrink,768,2,8,2,A=race,B_emotion,rff,gamma x2.0,0.18197375926982315,0.21897704049335415,0.15873533246414603,0.17107624390620252,0.3576085567474365
rafdb_role_race,clip-vit-l14,lda_shrink,768,2,8,2,A=race,B_emotion,tree,"depth=None,it=18",0.2655040339010676,0.3743672243962533,0.15710560625814862,0.17907686074545845,0.33696413040161133
rafdb_role_race,clip-vit-l14,lda_shrink,768,2,8,2,A=race,B_emotion,tree,"depth=6,it=16",0.24993888028685518,0.3029672603399759,0.17829204693611472,0.18149885791218892,0.3141970634460449
rafdb_role_race,clip-vit-l14,lda_shrink,768,2,8,2,A=race,B_emotion,knn,k=15,1.0,1.0,0.31910039113428945,0.15148819325783644,0.0559999942779541
rafdb_role_race,clip-vit-l14,lda_shrink,768,2,8,2,A=race,B_emotion,knn,k=50,1.0,1.0,0.3539765319426336,0.15101722239083323,0.13400053977966309
rafdb_role_race,clip-vit-l14,lda_shrink,768,2,8,2,A=race,B_gender,lr,wd=1e-05,0.561854327632607,0.5403876415503104,0.5458347856395956,0.5263304470737084,0.1710512638092041
rafdb_role_race,clip-vit-l14,lda_shrink,768,2,8,2,A=race,B_gender,lr,wd=0.001,0.561854327632607,0.5403876415503104,0.5458347856395956,0.5263304470737084,0.1632859706878662
rafdb_role_race,clip-vit-l14,lda_shrink,768,2,8,2,A=race,B_gender,lr,wd=0.1,0.5617675145411928,0.540311445268689,0.5458347856395956,0.5263304470737084,0.16204595565795898
rafdb_role_race,clip-vit-l14,lda_shrink,768,2,8,2,A=race,B_gender,mlp,"h=256,seed=0",0.5477037937320948,0.554390479857958,0.5298013245033113,0.5368860520515177,1.3950185775756836
rafdb_role_race,clip-vit-l14,lda_shrink,768,2,8,2,A=race,B_gender,mlp,"h=256,seed=1",0.5648927858321035,0.5559328666027994,0.5444405716277448,0.5369223774080993,1.399958848953247
rafdb_role_race,clip-vit-l14,lda_shrink,768,2,8,2,A=race,B_gender,mlp,"h=1024,seed=0",0.5872037503255491,0.5518063084065173,0.5601254792610666,0.5296335834099378,1.4216094017028809
rafdb_role_race,clip-vit-l14,lda_shrink,768,2,8,2,A=race,B_gender,mlp,"h=1024,seed=1",0.5751367306189773,0.5609272969113159,0.5420006971070059,0.5292611867271595,1.426511526107788
rafdb_role_race,clip-vit-l14,lda_shrink,768,2,8,2,A=race,B_gender,rff,gamma x0.5,0.5555169719593714,0.5523171785738945,0.5413035901010805,0.5397369747649972,0.3306288719177246
rafdb_role_race,clip-vit-l14,lda_shrink,768,2,8,2,A=race,B_gender,rff,gamma x2.0,0.5613334490841219,0.5590506272259014,0.5308469850121994,0.5291942195731894,0.34340620040893555
rafdb_role_race,clip-vit-l14,lda_shrink,768,2,8,2,A=race,B_gender,tree,"depth=None,it=20",0.6073443875336401,0.5929954788874046,0.5468804461484837,0.5324820350107247,0.16596579551696777
rafdb_role_race,clip-vit-l14,lda_shrink,768,2,8,2,A=race,B_gender,tree,"depth=6,it=16",0.5898081430679747,0.5745939462184909,0.5385151620773789,0.5247995927606283,0.1690518856048584
rafdb_role_race,clip-vit-l14,lda_shrink,768,2,8,2,A=race,B_gender,knn,k=15,1.0,1.0,0.5423492506099686,0.5204936788937323,0.05100059509277344
rafdb_role_race,clip-vit-l14,lda_shrink,768,2,8,2,A=race,B_gender,knn,k=50,1.0,1.0,0.5510630881840363,0.5200503612766756,0.11100053787231445
rafdb_role_race,clip-vit-l14,lda_shrink,768,2,8,2,A=race,B_age,lr,wd=1e-05,0.2560508516013365,0.2632765475853545,0.242503259452412,0.2403929569235011,0.16170740127563477
rafdb_role_race,clip-vit-l14,lda_shrink,768,2,8,2,A=race,B_age,lr,wd=0.001,0.2560508516013365,0.2632765475853545,0.242503259452412,0.2403929569235011,0.14499974250793457
rafdb_role_race,clip-vit-l14,lda_shrink,768,2,8,2,A=race,B_age,lr,wd=0.1,0.25694727406079376,0.2637604895544251,0.242503259452412,0.24037984066425827,0.14768147468566895
rafdb_role_race,clip-vit-l14,lda_shrink,768,2,8,2,A=race,B_age,mlp,"h=256,seed=0",0.22638741748838725,0.3031178571349805,0.211864406779661,0.2864281374349248,1.381934642791748
rafdb_role_race,clip-vit-l14,lda_shrink,768,2,8,2,A=race,B_age,mlp,"h=256,seed=1",0.24431586667753238,0.3072086063479538,0.2317470664928292,0.29287170120608896,1.3783788681030273
rafdb_role_race,clip-vit-l14,lda_shrink,768,2,8,2,A=race,B_age,mlp,"h=1024,seed=0",0.23021758617879554,0.31014206607846234,0.2180573663624511,0.2962324028898614,1.4007596969604492
rafdb_role_race,clip-vit-l14,lda_shrink,768,2,8,2,A=race,B_age,mlp,"h=1024,seed=1",0.2372259799527341,0.3134779250053851,0.2255541069100391,0.28582118605923124,1.4239885807037354
rafdb_role_race,clip-vit-l14,lda_shrink,768,2,8,2,A=race,B_age,rff,gamma x0.5,0.2250020373237715,0.29969024754792045,0.21707953063885269,0.2918129323862762,0.34749650955200195
rafdb_role_race,clip-vit-l14,lda_shrink,768,2,8,2,A=race,B_age,rff,gamma x2.0,0.2393447966750876,0.31737253552285727,0.21544980443285527,0.2811034527848859,0.3531312942504883
rafdb_role_race,clip-vit-l14,lda_shrink,768,2,8,2,A=race,B_age,tree,"depth=None,it=20",0.33387661967239834,0.449784475146044,0.25554106910039115,0.2929426812532376,0.3028559684753418
rafdb_role_race,clip-vit-l14,lda_shrink,768,2,8,2,A=race,B_age,tree,"depth=6,it=26",0.3135033819574607,0.4121352773995362,0.24152542372881355,0.2866252158957684,0.33917713165283203
rafdb_role_race,clip-vit-l14,lda_shrink,768,2,8,2,A=race,B_age,knn,k=15,1.0,1.0,0.49608865710560623,0.23031018209285775,0.063995361328125
rafdb_role_race,clip-vit-l14,lda_shrink,768,2,8,2,A=race,B_age,knn,k=50,1.0,1.0,0.5361799217731421,0.23169414962073293,0.12703275680541992
rafdb_role_age,clip-vit-l14,raw_U,768,768,3072,0,A=age,A_kept,lr,wd=1e-05,0.834183962799138,0.886893756698821,0.7767421216156236,0.7494611125395254,0.19983625411987305
rafdb_role_age,clip-vit-l14,raw_U,768,768,3072,0,A=age,A_kept,lr,wd=0.001,0.834183962799138,0.886893756698821,0.7767421216156236,0.7494611125395254,0.17499995231628418
rafdb_role_age,clip-vit-l14,raw_U,768,768,3072,0,A=age,A_kept,lr,wd=0.1,0.8319156175569922,0.8851358482725932,0.7762982689747004,0.7492605509671226,0.17000031471252441
rafdb_role_age,clip-vit-l14,raw_U,768,768,3072,0,A=age,A_kept,mlp,"h=256,seed=0",1.0,1.0,0.812694185530404,0.7155413823821523,1.2090742588043213
rafdb_role_age,clip-vit-l14,raw_U,768,768,3072,0,A=age,A_kept,mlp,"h=256,seed=1",1.0,1.0,0.812694185530404,0.7139881995923695,1.1940929889678955
rafdb_role_age,clip-vit-l14,raw_U,768,768,3072,0,A=age,A_kept,mlp,"h=1024,seed=0",1.0,1.0,0.8140257434531736,0.7067363082812097,2.0209953784942627
rafdb_role_age,clip-vit-l14,raw_U,768,768,3072,0,A=age,A_kept,mlp,"h=1024,seed=1",1.0,1.0,0.8184642698624057,0.7167583356680859,2.0216941833496094
rafdb_role_age,clip-vit-l14,raw_U,768,768,3072,0,A=age,A_kept,rff,gamma x0.5,0.8387206532834297,0.8799824089274105,0.787838437638704,0.7759065281620177,0.6200780868530273
rafdb_role_age,clip-vit-l14,raw_U,768,768,3072,0,A=age,A_kept,rff,gamma x2.0,0.8731995009640467,0.9160954326800388,0.771415889924545,0.741630762832291,0.3180372714996338
rafdb_role_age,clip-vit-l14,raw_U,768,768,3072,0,A=age,A_kept,tree,"depth=None,it=27",0.9262787796302597,0.9333234812031397,0.7909454061251664,0.6945034260125494,58.64984488487244
rafdb_role_age,clip-vit-l14,raw_U,768,768,3072,0,A=age,A_kept,tree,"depth=6,it=32",0.9343314052398775,0.9374375142761759,0.796271637816245,0.6992023522885432,59.84881663322449
rafdb_role_age,clip-vit-l14,raw_U,768,768,3072,0,A=age,A_kept,knn,k=15,1.0,1.0,0.80248557478917,0.6112243158591494,0.996509313583374
rafdb_role_age,clip-vit-l14,raw_U,768,768,3072,0,A=age,A_kept,knn,k=50,1.0,1.0,0.7940523746116289,0.5668430807658104,1.0156714916229248
rafdb_role_age,clip-vit-l14,raw_U,768,768,3072,0,A=age,Aprime_heldout,lr,wd=1e-05,0.9420961204400695,0.9448523062993266,0.8588957055214724,0.8556668793075413,0.35546422004699707
rafdb_role_age,clip-vit-l14,raw_U,768,768,3072,0,A=age,Aprime_heldout,lr,wd=0.001,0.9420961204400695,0.9448523062993266,0.8588957055214724,0.8556668793075413,0.17685365676879883
rafdb_role_age,clip-vit-l14,raw_U,768,768,3072,0,A=age,Aprime_heldout,lr,wd=0.1,0.9406485234510712,0.9430631512321601,0.8601226993865031,0.8566956858919034,0.1659996509552002
rafdb_role_age,clip-vit-l14,raw_U,768,768,3072,0,A=age,Aprime_heldout,mlp,"h=256,seed=0",1.0,1.0,0.8846625766871166,0.8777627678336898,0.489579439163208
rafdb_role_age,clip-vit-l14,raw_U,768,768,3072,0,A=age,Aprime_heldout,mlp,"h=256,seed=1",1.0,1.0,0.8785276073619632,0.8716368344027918,0.49413156509399414
rafdb_role_age,clip-vit-l14,raw_U,768,768,3072,0,A=age,Aprime_heldout,mlp,"h=1024,seed=0",1.0,1.0,0.8883435582822086,0.8818310880958635,0.8031694889068604
rafdb_role_age,clip-vit-l14,raw_U,768,768,3072,0,A=age,Aprime_heldout,mlp,"h=1024,seed=1",1.0,1.0,0.8834355828220859,0.8762430109947841,0.801002025604248
rafdb_role_age,clip-vit-l14,raw_U,768,768,3072,0,A=age,Aprime_heldout,rff,gamma x0.5,0.9229878401852925,0.924391638810035,0.8760736196319019,0.8739977735249602,0.35207581520080566
rafdb_role_age,clip-vit-l14,raw_U,768,768,3072,0,A=age,Aprime_heldout,rff,gamma x2.0,0.9614939200926462,0.9641086554033846,0.8687116564417178,0.8634063817278947,0.23494601249694824
rafdb_role_age,clip-vit-l14,raw_U,768,768,3072,0,A=age,Aprime_heldout,tree,"depth=None,it=42",0.9768384481760278,0.9759962059213907,0.8736196319018404,0.8670306578107996,51.9399139881134
rafdb_role_age,clip-vit-l14,raw_U,768,768,3072,0,A=age,Aprime_heldout,tree,"depth=6,it=47",0.9785755645628257,0.9773780576026435,0.8699386503067484,0.861489486784995,52.10462307929993
rafdb_role_age,clip-vit-l14,raw_U,768,768,3072,0,A=age,Aprime_heldout,knn,k=15,1.0,1.0,0.8687116564417178,0.8663520832551566,0.23558855056762695
rafdb_role_age,clip-vit-l14,raw_U,768,768,3072,0,A=age,Aprime_heldout,knn,k=50,1.0,1.0,0.8638036809815951,0.8656735086995134,0.2819998264312744
rafdb_role_age,clip-vit-l14,lda_shrink,768,2,8,0,A=age,A_kept,lr,wd=1e-05,0.8262447544516275,0.815456832661464,0.796271637816245,0.7793915267687077,0.18697047233581543
rafdb_role_age,clip-vit-l14,lda_shrink,768,2,8,0,A=age,A_kept,lr,wd=0.001,0.8261313371895203,0.8154057940252164,0.796271637816245,0.7793915267687077,0.17109060287475586
rafdb_role_age,clip-vit-l14,lda_shrink,768,2,8,0,A=age,A_kept,lr,wd=0.1,0.8243166609958036,0.8145891758452541,0.7953839325343985,0.7794538526756695,0.16048884391784668
rafdb_role_age,clip-vit-l14,lda_shrink,768,2,8,0,A=age,A_kept,mlp,"h=256,seed=0",0.8020868776227742,0.8270486822305223,0.7731913004882379,0.7780684704046301,1.1769258975982666
rafdb_role_age,clip-vit-l14,lda_shrink,768,2,8,0,A=age,A_kept,mlp,"h=256,seed=1",0.7990246115458772,0.8256740407560245,0.7660896582334665,0.7711518928320485,1.1750214099884033
rafdb_role_age,clip-vit-l14,lda_shrink,768,2,8,0,A=age,A_kept,mlp,"h=1024,seed=0",0.810933424067143,0.8256331052596569,0.7825122059476254,0.7790361200627167,1.2001676559448242
rafdb_role_age,clip-vit-l14,lda_shrink,768,2,8,0,A=age,A_kept,mlp,"h=1024,seed=1",0.7948281728479074,0.828319091932716,0.7652019529516201,0.7772390564119847,1.1912024021148682
rafdb_role_age,clip-vit-l14,lda_shrink,768,2,8,0,A=age,A_kept,rff,gamma x0.5,0.8034478847680617,0.824596833993907,0.775410563692854,0.7802987897874648,0.2611696720123291
rafdb_role_age,clip-vit-l14,lda_shrink,768,2,8,0,A=age,A_kept,rff,gamma x2.0,0.8007258704774867,0.824720203947462,0.7723035952063915,0.7767404491562901,0.2716858386993408
rafdb_role_age,clip-vit-l14,lda_shrink,768,2,8,0,A=age,A_kept,tree,"depth=None,it=31",0.8201202222978338,0.8673118308500108,0.7762982689747004,0.7765539293180401,0.2680361270904541
rafdb_role_age,clip-vit-l14,lda_shrink,768,2,8,0,A=age,A_kept,tree,"depth=6,it=35",0.8116139276397868,0.8512147796804311,0.7758544163337772,0.7780443283182256,0.26833581924438477
rafdb_role_age,clip-vit-l14,lda_shrink,768,2,8,0,A=age,A_kept,knn,k=15,1.0,1.0,0.8308921438082557,0.724829082737004,0.03900909423828125
rafdb_role_age,clip-vit-l14,lda_shrink,768,2,8,0,A=age,A_kept,knn,k=50,1.0,1.0,0.8322237017310253,0.7174143557913633,0.0800943374633789
rafdb_role_age,clip-vit-l14,lda_shrink,768,2,8,0,A=age,Aprime_heldout,lr,wd=1e-05,0.7064273306311523,0.7071691499188804,0.7128834355828221,0.7106551840594394,0.1690068244934082
rafdb_role_age,clip-vit-l14,lda_shrink,768,2,8,0,A=age,Aprime_heldout,lr,wd=0.001,0.7064273306311523,0.7071691499188804,0.7128834355828221,0.7106551840594394,0.1620945930480957
rafdb_role_age,clip-vit-l14,lda_shrink,768,2,8,0,A=age,Aprime_heldout,lr,wd=0.1,0.7078749276201506,0.7087989019861829,0.7116564417177914,0.7096263774750773,0.16099977493286133
rafdb_role_age,clip-vit-l14,lda_shrink,768,2,8,0,A=age,Aprime_heldout,mlp,"h=256,seed=0",0.7136653155761437,0.7105358202594751,0.7055214723926381,0.6995728420078302,0.48400020599365234
rafdb_role_age,clip-vit-l14,lda_shrink,768,2,8,0,A=age,Aprime_heldout,mlp,"h=256,seed=1",0.7099015634047481,0.7078606142831549,0.7055214723926381,0.7005547425169174,0.4870622158050537
rafdb_role_age,clip-vit-l14,lda_shrink,768,2,8,0,A=age,Aprime_heldout,mlp,"h=1024,seed=0",0.7203242617255357,0.7126448583736658,0.7030674846625767,0.6945695273118442,0.48621511459350586
rafdb_role_age,clip-vit-l14,lda_shrink,768,2,8,0,A=age,Aprime_heldout,mlp,"h=1024,seed=1",0.7154024319629415,0.7108018509416805,0.7006134969325153,0.6939847649067508,0.48858141899108887
rafdb_role_age,clip-vit-l14,lda_shrink,768,2,8,0,A=age,Aprime_heldout,rff,gamma x0.5,0.7061378112333526,0.7082140653042497,0.6969325153374233,0.6948259471900133,0.18420886993408203
rafdb_role_age,clip-vit-l14,lda_shrink,768,2,8,0,A=age,Aprime_heldout,rff,gamma x2.0,0.7165605095541401,0.7122012943954408,0.7092024539877301,0.7016773612518293,0.18273353576660156
rafdb_role_age,clip-vit-l14,lda_shrink,768,2,8,0,A=age,Aprime_heldout,tree,"depth=None,it=30",0.7426172553561089,0.7381893686097437,0.6883435582822086,0.6797690970267802,0.14800763130187988
rafdb_role_age,clip-vit-l14,lda_shrink,768,2,8,0,A=age,Aprime_heldout,tree,"depth=6,it=30",0.7385639837869137,0.731936391022739,0.6993865030674846,0.6895193065405831,0.1549978256225586
rafdb_role_age,clip-vit-l14,lda_shrink,768,2,8,0,A=age,Aprime_heldout,knn,k=15,1.0,1.0,0.6748466257668712,0.6443956621261586,0.020000457763671875
rafdb_role_age,clip-vit-l14,lda_shrink,768,2,8,0,A=age,Aprime_heldout,knn,k=50,1.0,1.0,0.694478527607362,0.6647841695123019,0.03399991989135742
rafdb_role_age,clip-vit-l14,lda_shrink,768,2,8,0,A=age,B_emotion,lr,wd=1e-05,0.2535245701246842,0.1907589084084047,0.24934810951760103,0.1802039306638767,0.16600775718688965
rafdb_role_age,clip-vit-l14,lda_shrink,768,2,8,0,A=age,B_emotion,lr,wd=0.001,0.2535245701246842,0.1907589084084047,0.24967405475880053,0.18050279497947738,0.1490025520324707
rafdb_role_age,clip-vit-l14,lda_shrink,768,2,8,0,A=age,B_emotion,lr,wd=0.1,0.2515687393040502,0.1899078834059454,0.24804432855280312,0.17990063922355798,0.14699745178222656
rafdb_role_age,clip-vit-l14,lda_shrink,768,2,8,0,A=age,B_emotion,mlp,"h=256,seed=0",0.24765707766278217,0.22203450935854438,0.23076923076923078,0.1914154215131481,1.372725486755371
rafdb_role_age,clip-vit-l14,lda_shrink,768,2,8,0,A=age,B_emotion,mlp,"h=256,seed=1",0.2472496129084834,0.22718548221044918,0.22946544980443284,0.18962496645489674,1.4158191680908203
rafdb_role_age,clip-vit-l14,lda_shrink,768,2,8,0,A=age,B_emotion,mlp,"h=1024,seed=0",0.24570124684214814,0.2310692167223951,0.22327249022164278,0.19169630823645314,1.4363117218017578
rafdb_role_age,clip-vit-l14,lda_shrink,768,2,8,0,A=age,B_emotion,mlp,"h=1024,seed=1",0.24268600766033738,0.22932539136659164,0.22490221642764016,0.1958569102003895,1.4297983646392822
rafdb_role_age,clip-vit-l14,lda_shrink,768,2,8,0,A=age,B_emotion,rff,gamma x0.5,0.23421074077092333,0.21760790235780142,0.2226205997392438,0.20014851021501184,0.3507070541381836
rafdb_role_age,clip-vit-l14,lda_shrink,768,2,8,0,A=age,B_emotion,rff,gamma x2.0,0.23616657159155732,0.23365378500421777,0.20795306388526727,0.18553571445113268,0.3631172180175781
rafdb_role_age,clip-vit-l14,lda_shrink,768,2,8,0,A=age,B_emotion,tree,"depth=None,it=15",0.321897155896015,0.36398453512200407,0.21544980443285527,0.17673382356912662,0.28603577613830566
rafdb_role_age,clip-vit-l14,lda_shrink,768,2,8,0,A=age,B_emotion,tree,"depth=6,it=13",0.3022573547388151,0.3065580609490577,0.22718383311603652,0.1711782973525406,0.2835121154785156
rafdb_role_age,clip-vit-l14,lda_shrink,768,2,8,0,A=age,B_emotion,knn,k=15,1.0,1.0,0.36114732724902215,0.17490542318221408,0.0690000057220459
rafdb_role_age,clip-vit-l14,lda_shrink,768,2,8,0,A=age,B_emotion,knn,k=50,1.0,1.0,0.39276401564537156,0.17651269175681347,0.13270330429077148
rafdb_role_age,clip-vit-l14,lda_shrink,768,2,8,0,A=age,B_gender,lr,wd=1e-05,0.6071707613508117,0.5931638116451283,0.6057859881491809,0.5942687483319989,0.17142391204833984
rafdb_role_age,clip-vit-l14,lda_shrink,768,2,8,0,A=age,B_gender,lr,wd=0.001,0.6071707613508117,0.5931638116451283,0.6057859881491809,0.5942687483319989,0.16199970245361328
rafdb_role_age,clip-vit-l14,lda_shrink,768,2,8,0,A=age,B_gender,lr,wd=0.1,0.6071707613508117,0.5931391404665924,0.6057859881491809,0.5942687483319989,0.16000008583068848
rafdb_role_age,clip-vit-l14,lda_shrink,768,2,8,0,A=age,B_gender,mlp,"h=256,seed=0",0.6129872384755621,0.6035979370775195,0.5963750435691879,0.5889607982682442,1.4311561584472656
rafdb_role_age,clip-vit-l14,lda_shrink,768,2,8,0,A=age,B_gender,mlp,"h=256,seed=1",0.6132476777498047,0.6059729184550069,0.5918438480306727,0.5862319485217804,1.4222602844238281
rafdb_role_age,clip-vit-l14,lda_shrink,768,2,8,0,A=age,B_gender,mlp,"h=1024,seed=0",0.6192377810573835,0.6036564100763673,0.5995120250958522,0.5864212357540353,1.4625139236450195
rafdb_role_age,clip-vit-l14,lda_shrink,768,2,8,0,A=age,B_gender,mlp,"h=1024,seed=1",0.6167202014063721,0.6046539711190115,0.597420704078076,0.5877781237335546,1.416477918624878
rafdb_role_age,clip-vit-l14,lda_shrink,768,2,8,0,A=age,B_gender,rff,gamma x0.5,0.6070839482593975,0.5998475182823424,0.600906239107703,0.5951734226887683,0.33359742164611816
rafdb_role_age,clip-vit-l14,lda_shrink,768,2,8,0,A=age,B_gender,rff,gamma x2.0,0.6161993228578869,0.6058991047482596,0.5953293830602998,0.5868430546906661,0.34200000762939453
rafdb_role_age,clip-vit-l14,lda_shrink,768,2,8,0,A=age,B_gender,tree,"depth=None,it=29",0.6403333622710304,0.6342856551715064,0.5894039735099338,0.5825129239193825,0.17799806594848633
rafdb_role_age,clip-vit-l14,lda_shrink,768,2,8,0,A=age,B_gender,tree,"depth=6,it=28",0.6393784182654745,0.6312764323625114,0.5887068665040084,0.5796036829463571,0.18451142311096191
rafdb_role_age,clip-vit-l14,lda_shrink,768,2,8,0,A=age,B_gender,knn,k=15,1.0,1.0,0.5709306378529104,0.5546951141159842,0.0540013313293457
rafdb_role_age,clip-vit-l14,lda_shrink,768,2,8,0,A=age,B_gender,knn,k=50,1.0,1.0,0.5984663645869641,0.5765108383002698,0.10500025749206543
rafdb_role_age,clip-vit-l14,lda_shrink,768,2,8,0,A=age,B_race,lr,wd=1e-05,0.2153858691223209,0.39750045618207874,0.211864406779661,0.404763387555169,0.16100049018859863
rafdb_role_age,clip-vit-l14,lda_shrink,768,2,8,0,A=age,B_race,lr,wd=0.001,0.2153858691223209,0.39750045618207874,0.211864406779661,0.404763387555169,0.16499972343444824
rafdb_role_age,clip-vit-l14,lda_shrink,768,2,8,0,A=age,B_race,lr,wd=0.1,0.2153858691223209,0.39777814126202493,0.21153846153846154,0.4046216039170008,0.15800046920776367
rafdb_role_age,clip-vit-l14,lda_shrink,768,2,8,0,A=age,B_race,mlp,"h=256,seed=0",0.2667264281639638,0.426844570380528,0.25554106910039115,0.41836640876827297,1.43650484085083
rafdb_role_age,clip-vit-l14,lda_shrink,768,2,8,0,A=age,B_race,mlp,"h=256,seed=1",0.2854698068617065,0.42813704970423716,0.27183833116036504,0.41849365425826873,1.389998197555542
rafdb_role_age,clip-vit-l14,lda_shrink,768,2,8,0,A=age,B_race,mlp,"h=1024,seed=0",0.29492298916143755,0.43036728073517727,0.28129074315514996,0.4125199393355405,1.4189393520355225
rafdb_role_age,clip-vit-l14,lda_shrink,768,2,8,0,A=age,B_race,mlp,"h=1024,seed=1",0.2642816396381713,0.43158835156296044,0.25488917861799215,0.4217060882309713,1.4190001487731934
rafdb_role_age,clip-vit-l14,lda_shrink,768,2,8,0,A=age,B_race,rff,gamma x0.5,0.26835628718115884,0.42555961359494193,0.25358539765319427,0.41475452760197457,0.34270644187927246
rafdb_role_age,clip-vit-l14,lda_shrink,768,2,8,0,A=age,B_race,rff,gamma x2.0,0.2652595550484883,0.43534096382189613,0.2529335071707953,0.41336454440036635,0.35500001907348633
rafdb_role_age,clip-vit-l14,lda_shrink,768,2,8,0,A=age,B_race,tree,"depth=None,it=17",0.38040909461331596,0.5223200001106617,0.3318122555410691,0.42034762379481555,0.21561861038208008
rafdb_role_age,clip-vit-l14,lda_shrink,768,2,8,0,A=age,B_race,tree,"depth=6,it=15",0.3773123624806454,0.5011052359225614,0.33376792698826596,0.4175459160294475,0.2109999656677246
rafdb_role_age,clip-vit-l14,lda_shrink,768,2,8,0,A=age,B_race,knn,k=15,1.0,1.0,0.7486962190352021,0.33353990449953314,0.06000041961669922
rafdb_role_age,clip-vit-l14,lda_shrink,768,2,8,0,A=age,B_race,knn,k=50,1.0,1.0,0.7614080834419817,0.3317549262475566,0.11503386497497559
rafdb_role_age,clip-vit-l14,raw_U,768,768,3072,1,A=age,A_kept,lr,wd=1e-05,0.8335034592264943,0.8865875248813352,0.7776298268974701,0.7493987866325637,0.19278454780578613
rafdb_role_age,clip-vit-l14,raw_U,768,768,3072,1,A=age,A_kept,lr,wd=0.001,0.8335034592264943,0.8865875248813352,0.7776298268974701,0.7493987866325637,0.17203402519226074
rafdb_role_age,clip-vit-l14,raw_U,768,768,3072,1,A=age,A_kept,lr,wd=0.1,0.8313485312464557,0.8847580826164915,0.7771859742565468,0.7496616741119281,0.17335748672485352
rafdb_role_age,clip-vit-l14,raw_U,768,768,3072,1,A=age,A_kept,mlp,"h=256,seed=0",1.0,1.0,0.812694185530404,0.7139881995923695,1.2104809284210205
rafdb_role_age,clip-vit-l14,raw_U,768,768,3072,1,A=age,A_kept,mlp,"h=256,seed=1",1.0,1.0,0.8131380381713271,0.7186604160479639,1.1896579265594482
rafdb_role_age,clip-vit-l14,raw_U,768,768,3072,1,A=age,A_kept,mlp,"h=1024,seed=0",1.0,1.0,0.8184642698624057,0.7167583356680859,2.0189929008483887
rafdb_role_age,clip-vit-l14,raw_U,768,768,3072,1,A=age,A_kept,mlp,"h=1024,seed=1",1.0,1.0,0.8162450066577897,0.723308490417154,2.022702217102051
rafdb_role_age,clip-vit-l14,raw_U,768,768,3072,1,A=age,A_kept,rff,gamma x0.5,0.8401950776908246,0.882241054223949,0.7851753217931646,0.7586703354019034,0.6684739589691162
rafdb_role_age,clip-vit-l14,raw_U,768,768,3072,1,A=age,A_kept,rff,gamma x2.0,0.8690030622660769,0.9116329811667433,0.7745228584110075,0.7371726918006166,0.3155369758605957
rafdb_role_age,clip-vit-l14,raw_U,768,768,3072,1,A=age,A_kept,tree,"depth=None,it=28",0.9280934558239764,0.9307046683827362,0.7949400798934754,0.7023082599854731,59.124516010284424
rafdb_role_age,clip-vit-l14,raw_U,768,768,3072,1,A=age,A_kept,tree,"depth=6,it=29",0.9237835998638992,0.9283991836328297,0.7913892587660897,0.7125655492660438,58.78952980041504
rafdb_role_age,clip-vit-l14,raw_U,768,768,3072,1,A=age,A_kept,knn,k=15,1.0,1.0,0.80248557478917,0.6112243158591494,0.9962470531463623
rafdb_role_age,clip-vit-l14,raw_U,768,768,3072,1,A=age,A_kept,knn,k=50,1.0,1.0,0.7940523746116289,0.5668430807658104,1.0997130870819092
rafdb_role_age,clip-vit-l14,raw_U,768,768,3072,1,A=age,Aprime_heldout,lr,wd=1e-05,0.9429646786334684,0.9460214411395448,0.8601226993865031,0.8562047356373598,0.287036657333374
rafdb_role_age,clip-vit-l14,raw_U,768,768,3072,1,A=age,Aprime_heldout,lr,wd=0.001,0.9429646786334684,0.9460214411395448,0.8601226993865031,0.8562047356373598,0.17231512069702148
rafdb_role_age,clip-vit-l14,raw_U,768,768,3072,1,A=age,Aprime_heldout,lr,wd=0.1,0.9409380428488708,0.94361226584543,0.8601226993865031,0.8566956858919034,0.16458725929260254
rafdb_role_age,clip-vit-l14,raw_U,768,768,3072,1,A=age,Aprime_heldout,mlp,"h=256,seed=0",1.0,1.0,0.8785276073619632,0.8716368344027918,0.4870002269744873
rafdb_role_age,clip-vit-l14,raw_U,768,768,3072,1,A=age,Aprime_heldout,mlp,"h=256,seed=1",1.0,1.0,0.8809815950920246,0.8736944475715162,0.49857258796691895
rafdb_role_age,clip-vit-l14,raw_U,768,768,3072,1,A=age,Aprime_heldout,mlp,"h=1024,seed=0",1.0,1.0,0.8834355828220859,0.8762430109947841,0.8010880947113037
rafdb_role_age,clip-vit-l14,raw_U,768,768,3072,1,A=age,Aprime_heldout,mlp,"h=1024,seed=1",1.0,1.0,0.8932515337423312,0.8869282149423994,0.8006961345672607
rafdb_role_age,clip-vit-l14,raw_U,768,768,3072,1,A=age,Aprime_heldout,rff,gamma x0.5,0.9270411117544876,0.9285723773988087,0.8822085889570552,0.8796327567013147,0.5052118301391602
rafdb_role_age,clip-vit-l14,raw_U,768,768,3072,1,A=age,Aprime_heldout,rff,gamma x2.0,0.9681528662420382,0.9706809775137656,0.8601226993865031,0.8537499843646416,0.25569629669189453
rafdb_role_age,clip-vit-l14,raw_U,768,768,3072,1,A=age,Aprime_heldout,tree,"depth=None,it=55",0.9823393167342211,0.9810096815781472,0.8809815950920246,0.8746763480806035,52.5283260345459
rafdb_role_age,clip-vit-l14,raw_U,768,768,3072,1,A=age,Aprime_heldout,tree,"depth=6,it=60",0.9823393167342211,0.981169084578011,0.8687116564417178,0.8629154314733511,52.49205446243286
rafdb_role_age,clip-vit-l14,raw_U,768,768,3072,1,A=age,Aprime_heldout,knn,k=15,1.0,1.0,0.8687116564417178,0.8663520832551566,0.2200031280517578
rafdb_role_age,clip-vit-l14,raw_U,768,768,3072,1,A=age,Aprime_heldout,knn,k=50,1.0,1.0,0.8638036809815951,0.8656735086995134,0.28456854820251465
rafdb_role_age,clip-vit-l14,lda_shrink,768,2,8,1,A=age,A_kept,lr,wd=1e-05,0.8231824883747306,0.8205853357631071,0.7989347536617842,0.7829121414619604,0.18300104141235352
rafdb_role_age,clip-vit-l14,lda_shrink,768,2,8,1,A=age,A_kept,lr,wd=0.001,0.8231824883747306,0.8205853357631071,0.7989347536617842,0.7829121414619604,0.1649646759033203
rafdb_role_age,clip-vit-l14,lda_shrink,768,2,8,1,A=age,A_kept,lr,wd=0.1,0.8236361574231598,0.8185780832042724,0.7984909010208611,0.7822481308377904,0.16251397132873535
rafdb_role_age,clip-vit-l14,lda_shrink,768,2,8,1,A=age,A_kept,mlp,"h=256,seed=0",0.7990246115458772,0.8256740407560245,0.7660896582334665,0.7711518928320485,1.176985263824463
rafdb_role_age,clip-vit-l14,lda_shrink,768,2,8,1,A=age,A_kept,mlp,"h=256,seed=1",0.8046954746512419,0.8279808276186795,0.7740790057700844,0.7761523482905993,1.167609453201294
rafdb_role_age,clip-vit-l14,lda_shrink,768,2,8,1,A=age,A_kept,mlp,"h=1024,seed=0",0.7948281728479074,0.828319091932716,0.7652019529516201,0.7772390564119847,1.1887125968933105
rafdb_role_age,clip-vit-l14,lda_shrink,768,2,8,1,A=age,A_kept,mlp,"h=1024,seed=1",0.8017466258364523,0.8257924140480082,0.7727474478473146,0.7760141126251584,1.180706262588501
rafdb_role_age,clip-vit-l14,lda_shrink,768,2,8,1,A=age,A_kept,rff,gamma x0.5,0.8032210502438472,0.8251076190957293,0.7749667110519307,0.7810251263185966,0.25904035568237305
rafdb_role_age,clip-vit-l14,lda_shrink,768,2,8,1,A=age,A_kept,rff,gamma x2.0,0.8024271294090961,0.8275712164159499,0.7740790057700844,0.7730710405627095,0.26996731758117676
rafdb_role_age,clip-vit-l14,lda_shrink,768,2,8,1,A=age,A_kept,tree,"depth=None,it=30",0.810933424067143,0.862559736383352,0.7638703950288505,0.7678568975628739,0.2533855438232422
rafdb_role_age,clip-vit-l14,lda_shrink,768,2,8,1,A=age,A_kept,tree,"depth=6,it=30",0.8101395032323919,0.8506619439194157,0.7634265423879272,0.7693472965630592,0.2675621509552002
rafdb_role_age,clip-vit-l14,lda_shrink,768,2,8,1,A=age,A_kept,knn,k=15,1.0,1.0,0.8308921438082557,0.724829082737004,0.04277968406677246
rafdb_role_age,clip-vit-l14,lda_shrink,768,2,8,1,A=age,A_kept,knn,k=50,1.0,1.0,0.8322237017310253,0.7174143557913633,0.08500146865844727
rafdb_role_age,clip-vit-l14,lda_shrink,768,2,8,1,A=age,Aprime_heldout,lr,wd=1e-05,0.7061378112333526,0.7069388413053382,0.7128834355828221,0.7106551840594394,0.17033624649047852
rafdb_role_age,clip-vit-l14,lda_shrink,768,2,8,1,A=age,Aprime_heldout,lr,wd=0.001,0.7061378112333526,0.7069388413053382,0.7128834355828221,0.7106551840594394,0.14530491828918457
rafdb_role_age,clip-vit-l14,lda_shrink,768,2,8,1,A=age,Aprime_heldout,lr,wd=0.1,0.7055587724377533,0.7064782240782539,0.7128834355828221,0.7106551840594394,0.14899277687072754
rafdb_role_age,clip-vit-l14,lda_shrink,768,2,8,1,A=age,Aprime_heldout,mlp,"h=256,seed=0",0.7099015634047481,0.7078606142831549,0.7055214723926381,0.7005547425169174,0.47187304496765137
rafdb_role_age,clip-vit-l14,lda_shrink,768,2,8,1,A=age,Aprime_heldout,mlp,"h=256,seed=1",0.711638679791546,0.7100394809637276,0.7030674846625767,0.6980061790936496,0.47299933433532715
rafdb_role_age,clip-vit-l14,lda_shrink,768,2,8,1,A=age,Aprime_heldout,mlp,"h=1024,seed=0",0.7154024319629415,0.7108018509416805,0.7006134969325153,0.6939847649067508,0.483675479888916
rafdb_role_age,clip-vit-l14,lda_shrink,768,2,8,1,A=age,Aprime_heldout,mlp,"h=1024,seed=1",0.7119281991893457,0.709632177577814,0.7042944785276074,0.6990349856780116,0.4890003204345703
rafdb_role_age,clip-vit-l14,lda_shrink,768,2,8,1,A=age,Aprime_heldout,rff,gamma x0.5,0.7084539664157499,0.7091001162134033,0.6993865030674846,0.696392610104194,0.18708467483520508
rafdb_role_age,clip-vit-l14,lda_shrink,768,2,8,1,A=age,Aprime_heldout,rff,gamma x2.0,0.7148233931673422,0.7084283977162289,0.7092024539877301,0.7026592617609166,0.17844367027282715
rafdb_role_age,clip-vit-l14,lda_shrink,768,2,8,1,A=age,Aprime_heldout,tree,"depth=None,it=28",0.7388535031847133,0.7391804316302941,0.6797546012269938,0.6740403016998762,0.14696574211120605
rafdb_role_age,clip-vit-l14,lda_shrink,768,2,8,1,A=age,Aprime_heldout,tree,"depth=6,it=26",0.732484076433121,0.7310849851349522,0.69079754601227,0.6837905112136791,0.1510162353515625
rafdb_role_age,clip-vit-l14,lda_shrink,768,2,8,1,A=age,Aprime_heldout,knn,k=15,1.0,1.0,0.6748466257668712,0.6443956621261586,0.01600170135498047
rafdb_role_age,clip-vit-l14,lda_shrink,768,2,8,1,A=age,Aprime_heldout,knn,k=50,1.0,1.0,0.694478527607362,0.6647841695123019,0.03699755668640137
rafdb_role_age,clip-vit-l14,lda_shrink,768,2,8,1,A=age,B_emotion,lr,wd=1e-05,0.2535245701246842,0.1907589084084047,0.24934810951760103,0.1802039306638767,0.16703367233276367
rafdb_role_age,clip-vit-l14,lda_shrink,768,2,8,1,A=age,B_emotion,lr,wd=0.001,0.2535245701246842,0.1907589084084047,0.24967405475880053,0.18050279497947738,0.1519789695739746
rafdb_role_age,clip-vit-l14,lda_shrink,768,2,8,1,A=age,B_emotion,lr,wd=0.1,0.2535245701246842,0.19083695598653433,0.24902216427640156,0.17999309742957134,0.14753222465515137
rafdb_role_age,clip-vit-l14,lda_shrink,768,2,8,1,A=age,B_emotion,mlp,"h=256,seed=0",0.2472496129084834,0.22718548221044918,0.22946544980443284,0.18962496645489674,1.3972976207733154
rafdb_role_age,clip-vit-l14,lda_shrink,768,2,8,1,A=age,B_emotion,mlp,"h=256,seed=1",0.23527014913210006,0.22203081265331237,0.21349413298565842,0.18797512609789888,1.3750038146972656
rafdb_role_age,clip-vit-l14,lda_shrink,768,2,8,1,A=age,B_emotion,mlp,"h=1024,seed=0",0.24268600766033738,0.22932539136659164,0.22490221642764016,0.1958569102003895,1.4019932746887207
rafdb_role_age,clip-vit-l14,lda_shrink,768,2,8,1,A=age,B_emotion,mlp,"h=1024,seed=1",0.21685274223779644,0.22997690887668748,0.19035202086049544,0.18099103352339876,1.4158568382263184
rafdb_role_age,clip-vit-l14,lda_shrink,768,2,8,1,A=age,B_emotion,rff,gamma x0.5,0.23910031782250835,0.2177225595236325,0.22294654498044328,0.19579313442738586,0.346163272857666
rafdb_role_age,clip-vit-l14,lda_shrink,768,2,8,1,A=age,B_emotion,rff,gamma x2.0,0.23306983945888682,0.23582894814695332,0.19915254237288135,0.1775830877691494,0.34823083877563477
rafdb_role_age,clip-vit-l14,lda_shrink,768,2,8,1,A=age,B_emotion,tree,"depth=None,it=13",0.32132670523999673,0.3578099445410893,0.22392438070404172,0.18738731890470525,0.2911255359649658
rafdb_role_age,clip-vit-l14,lda_shrink,768,2,8,1,A=age,B_emotion,tree,"depth=6,it=14",0.29459701735799854,0.3199447250289215,0.21870925684485007,0.18050504545905327,0.2845911979675293
rafdb_role_age,clip-vit-l14,lda_shrink,768,2,8,1,A=age,B_emotion,knn,k=15,1.0,1.0,0.36114732724902215,0.17490542318221408,0.058539390563964844
rafdb_role_age,clip-vit-l14,lda_shrink,768,2,8,1,A=age,B_emotion,knn,k=50,1.0,1.0,0.39276401564537156,0.17651269175681347,0.13303232192993164
rafdb_role_age,clip-vit-l14,lda_shrink,768,2,8,1,A=age,B_gender,lr,wd=1e-05,0.6071707613508117,0.5931638116451283,0.6057859881491809,0.5942687483319989,0.18361592292785645
rafdb_role_age,clip-vit-l14,lda_shrink,768,2,8,1,A=age,B_gender,lr,wd=0.001,0.6071707613508117,0.5931638116451283,0.6057859881491809,0.5942687483319989,0.15999603271484375
rafdb_role_age,clip-vit-l14,lda_shrink,768,2,8,1,A=age,B_gender,lr,wd=0.1,0.6069103220765691,0.5930092363358717,0.6057859881491809,0.5942687483319989,0.160003662109375
rafdb_role_age,clip-vit-l14,lda_shrink,768,2,8,1,A=age,B_gender,mlp,"h=256,seed=0",0.6132476777498047,0.6059729184550069,0.5918438480306727,0.5862319485217804,1.3790898323059082
rafdb_role_age,clip-vit-l14,lda_shrink,768,2,8,1,A=age,B_gender,mlp,"h=256,seed=1",0.6135949301154614,0.6042299957630133,0.597420704078076,0.5900700807559628,1.3864765167236328
rafdb_role_age,clip-vit-l14,lda_shrink,768,2,8,1,A=age,B_gender,mlp,"h=1024,seed=0",0.6167202014063721,0.6046539711190115,0.597420704078076,0.5877781237335546,1.4160399436950684
rafdb_role_age,clip-vit-l14,lda_shrink,768,2,8,1,A=age,B_gender,mlp,"h=1024,seed=1",0.6187169025088983,0.6012748804608385,0.6026490066225165,0.5880071958801609,1.3976402282714844
rafdb_role_age,clip-vit-l14,lda_shrink,768,2,8,1,A=age,B_gender,rff,gamma x0.5,0.6096883410018231,0.6012699154822297,0.6023004531195538,0.5952161729383507,0.33399415016174316
rafdb_role_age,clip-vit-l14,lda_shrink,768,2,8,1,A=age,B_gender,rff,gamma x2.0,0.6148971264866742,0.6052742552731916,0.5970721505751133,0.5891196908143799,0.3382837772369385
rafdb_role_age,clip-vit-l14,lda_shrink,768,2,8,1,A=age,B_gender,tree,"depth=None,it=26",0.6438058859275979,0.6340275685125545,0.5988149180899268,0.5894710830392709,0.17180275917053223
rafdb_role_age,clip-vit-l14,lda_shrink,768,2,8,1,A=age,B_gender,tree,"depth=6,it=23",0.6407674277281014,0.6295597026226831,0.6005576856047403,0.5896391187023693,0.19199872016906738
rafdb_role_age,clip-vit-l14,lda_shrink,768,2,8,1,A=age,B_gender,knn,k=15,1.0,1.0,0.5709306378529104,0.5546951141159842,0.06399893760681152
rafdb_role_age,clip-vit-l14,lda_shrink,768,2,8,1,A=age,B_gender,knn,k=50,1.0,1.0,0.5984663645869641,0.5765108383002698,0.11400127410888672
rafdb_role_age,clip-vit-l14,lda_shrink,768,2,8,1,A=age,B_race,lr,wd=1e-05,0.2153858691223209,0.39750045618207874,0.211864406779661,0.404763387555169,0.15897059440612793
rafdb_role_age,clip-vit-l14,lda_shrink,768,2,8,1,A=age,B_race,lr,wd=0.001,0.2153858691223209,0.39750045618207874,0.211864406779661,0.404763387555169,0.14832806587219238
rafdb_role_age,clip-vit-l14,lda_shrink,768,2,8,1,A=age,B_race,lr,wd=0.1,0.2148969114171624,0.3972874863173146,0.21153846153846154,0.4046216039170008,0.14600062370300293
rafdb_role_age,clip-vit-l14,lda_shrink,768,2,8,1,A=age,B_race,mlp,"h=256,seed=0",0.2854698068617065,0.42813704970423716,0.27183833116036504,0.41849365425826873,1.3689460754394531
rafdb_role_age,clip-vit-l14,lda_shrink,768,2,8,1,A=age,B_race,mlp,"h=256,seed=1",0.2917447640779073,0.42951004217154115,0.273142112125163,0.4113644820929418,1.3716952800750732
rafdb_role_age,clip-vit-l14,lda_shrink,768,2,8,1,A=age,B_race,mlp,"h=1024,seed=0",0.2642816396381713,0.43158835156296044,0.25488917861799215,0.4217060882309713,1.3999216556549072
rafdb_role_age,clip-vit-l14,lda_shrink,768,2,8,1,A=age,B_race,mlp,"h=1024,seed=1",0.26640045636052484,0.4310604504578615,0.25521512385919165,0.4150719582635696,1.3939154148101807
rafdb_role_age,clip-vit-l14,lda_shrink,768,2,8,1,A=age,B_race,rff,gamma x0.5,0.29435253850541926,0.4252279669499452,0.2865058670143416,0.4224556214088883,0.34304165840148926
rafdb_role_age,clip-vit-l14,lda_shrink,768,2,8,1,A=age,B_race,rff,gamma x2.0,0.27031211800179283,0.4324809758660824,0.25521512385919165,0.41674616357914857,0.3538062572479248
rafdb_role_age,clip-vit-l14,lda_shrink,768,2,8,1,A=age,B_race,tree,"depth=None,it=11",0.33208377475348383,0.49278525076400087,0.2897653194263364,0.435280499813631,0.19057774543762207
rafdb_role_age,clip-vit-l14,lda_shrink,768,2,8,1,A=age,B_race,tree,"depth=6,it=12",0.3394181403308614,0.49389429267875545,0.303129074315515,0.42551499272968396,0.19648098945617676
rafdb_role_age,clip-vit-l14,lda_shrink,768,2,8,1,A=age,B_race,knn,k=15,1.0,1.0,0.7486962190352021,0.33353990449953314,0.051570892333984375
rafdb_role_age,clip-vit-l14,lda_shrink,768,2,8,1,A=age,B_race,knn,k=50,1.0,1.0,0.7614080834419817,0.3317549262475566,0.1190030574798584
rafdb_role_age,clip-vit-l14,raw_U,768,768,3072,2,A=age,A_kept,lr,wd=1e-05,0.8331632074401724,0.8868021263971827,0.7762982689747004,0.7487971019153554,0.1819918155670166
rafdb_role_age,clip-vit-l14,raw_U,768,768,3072,2,A=age,A_kept,lr,wd=0.001,0.8330497901780651,0.8867510877609351,0.7762982689747004,0.7487971019153554,0.1699998378753662
rafdb_role_age,clip-vit-l14,raw_U,768,768,3072,2,A=age,A_kept,lr,wd=0.1,0.8315753657706703,0.8859650130148523,0.7762982689747004,0.74972400001889,0.17599868774414062
rafdb_role_age,clip-vit-l14,raw_U,768,768,3072,2,A=age,A_kept,mlp,"h=256,seed=0",1.0,1.0,0.8131380381713271,0.7186604160479639,1.2268576622009277
rafdb_role_age,clip-vit-l14,raw_U,768,768,3072,2,A=age,A_kept,mlp,"h=256,seed=1",1.0,1.0,0.8131380381713271,0.7097171062815805,1.1713671684265137
rafdb_role_age,clip-vit-l14,raw_U,768,768,3072,2,A=age,A_kept,mlp,"h=1024,seed=0",1.0,1.0,0.8162450066577897,0.723308490417154,2.018766403198242
rafdb_role_age,clip-vit-l14,raw_U,768,768,3072,2,A=age,A_kept,mlp,"h=1024,seed=1",1.0,1.0,0.817132711939636,0.7076767902362615,2.021998167037964
rafdb_role_age,clip-vit-l14,raw_U,768,768,3072,2,A=age,A_kept,rff,gamma x0.5,0.8358852217307474,0.8768661550461733,0.7833999112294718,0.7515426380220318,0.5020267963409424
rafdb_role_age,clip-vit-l14,raw_U,768,768,3072,2,A=age,A_kept,rff,gamma x2.0,0.8721787456050811,0.9155135124789465,0.7643142476697736,0.7250068130242723,0.31102848052978516
rafdb_role_age,clip-vit-l14,raw_U,768,768,3072,2,A=age,A_kept,tree,"depth=None,it=31",0.9373936713167744,0.9422543901594164,0.7971593430980914,0.697148452391707,59.48800253868103
rafdb_role_age,clip-vit-l14,raw_U,768,768,3072,2,A=age,A_kept,tree,"depth=6,it=28",0.924804355222865,0.9315585275102434,0.7931646693297825,0.6927255395639595,58.89646506309509
rafdb_role_age,clip-vit-l14,raw_U,768,768,3072,2,A=age,A_kept,knn,k=15,1.0,1.0,0.80248557478917,0.6112243158591494,0.9794507026672363
rafdb_role_age,clip-vit-l14,raw_U,768,768,3072,2,A=age,A_kept,knn,k=50,1.0,1.0,0.7940523746116289,0.5668430807658104,0.9945411682128906
rafdb_role_age,clip-vit-l14,raw_U,768,768,3072,2,A=age,Aprime_heldout,lr,wd=1e-05,0.9435437174290677,0.9464820583666291,0.8564417177914111,0.8531183158842733,0.3185420036315918
rafdb_role_age,clip-vit-l14,raw_U,768,768,3072,2,A=age,Aprime_heldout,lr,wd=0.001,0.9435437174290677,0.9464820583666291,0.8564417177914111,0.8531183158842733,0.17599987983703613
rafdb_role_age,clip-vit-l14,raw_U,768,768,3072,2,A=age,Aprime_heldout,lr,wd=0.1,0.9406485234510712,0.9433819572318879,0.8601226993865031,0.8571866361464471,0.1700000762939453
rafdb_role_age,clip-vit-l14,raw_U,768,768,3072,2,A=age,Aprime_heldout,mlp,"h=256,seed=0",1.0,1.0,0.8809815950920246,0.8736944475715162,0.49655699729919434
rafdb_role_age,clip-vit-l14,raw_U,768,768,3072,2,A=age,Aprime_heldout,mlp,"h=256,seed=1",1.0,1.0,0.8883435582822086,0.8803582373322326,0.5153088569641113
rafdb_role_age,clip-vit-l14,raw_U,768,768,3072,2,A=age,Aprime_heldout,mlp,"h=1024,seed=0",1.0,1.0,0.8932515337423312,0.8869282149423994,0.8010680675506592
rafdb_role_age,clip-vit-l14,raw_U,768,768,3072,2,A=age,Aprime_heldout,mlp,"h=1024,seed=1",1.0,1.0,0.8907975460122699,0.8833977510100441,0.8018360137939453
rafdb_role_age,clip-vit-l14,raw_U,768,768,3072,2,A=age,Aprime_heldout,rff,gamma x0.5,0.9151708164447018,0.9156228582465742,0.8748466257668711,0.8719870664315108,0.45250940322875977
rafdb_role_age,clip-vit-l14,raw_U,768,768,3072,2,A=age,Aprime_heldout,rff,gamma x2.0,0.9620729588882455,0.9648880786301969,0.8515337423312883,0.8450754875104758,0.25300145149230957
rafdb_role_age,clip-vit-l14,raw_U,768,768,3072,2,A=age,Aprime_heldout,tree,"depth=None,it=61",0.9803126809496236,0.9782817002843046,0.8748466257668711,0.8656047131224436,52.96238470077515
rafdb_role_age,clip-vit-l14,raw_U,768,768,3072,2,A=age,Aprime_heldout,tree,"depth=6,it=58",0.9808917197452229,0.9795393325107085,0.8723926380368098,0.8635470999537194,52.29197406768799
rafdb_role_age,clip-vit-l14,raw_U,768,768,3072,2,A=age,Aprime_heldout,knn,k=15,1.0,1.0,0.8687116564417178,0.8663520832551566,0.22210216522216797
rafdb_role_age,clip-vit-l14,raw_U,768,768,3072,2,A=age,Aprime_heldout,knn,k=50,1.0,1.0,0.8638036809815951,0.8656735086995134,0.2720499038696289
rafdb_role_age,clip-vit-l14,lda_shrink,768,2,8,2,A=age,A_kept,lr,wd=1e-05,0.8254508336168764,0.8133818467075479,0.796271637816245,0.7793915267687077,0.19903278350830078
rafdb_role_age,clip-vit-l14,lda_shrink,768,2,8,2,A=age,A_kept,lr,wd=0.001,0.8254508336168764,0.8133818467075479,0.796271637816245,0.7793915267687077,0.15867877006530762
rafdb_role_age,clip-vit-l14,lda_shrink,768,2,8,2,A=age,A_kept,lr,wd=0.1,0.8244300782579108,0.8132919172580036,0.7976031957390146,0.7764484547062587,0.1640021800994873
rafdb_role_age,clip-vit-l14,lda_shrink,768,2,8,2,A=age,A_kept,mlp,"h=256,seed=0",0.8046954746512419,0.8279808276186795,0.7740790057700844,0.7761523482905993,1.164506435394287
rafdb_role_age,clip-vit-l14,lda_shrink,768,2,8,2,A=age,A_kept,mlp,"h=256,seed=1",0.8007258704774867,0.8258148519607622,0.7691966267199289,0.7776537634083075,1.1697008609771729
rafdb_role_age,clip-vit-l14,lda_shrink,768,2,8,2,A=age,A_kept,mlp,"h=1024,seed=0",0.8017466258364523,0.8257924140480082,0.7727474478473146,0.7760141126251584,1.2120931148529053
rafdb_role_age,clip-vit-l14,lda_shrink,768,2,8,2,A=age,A_kept,mlp,"h=1024,seed=1",0.7994782805943065,0.8280759955880864,0.7696404793608522,0.778017160615191,1.2182843685150146
rafdb_role_age,clip-vit-l14,lda_shrink,768,2,8,2,A=age,A_kept,rff,gamma x0.5,0.8033344675059544,0.8262635108578423,0.7758544163337772,0.7823531475669365,0.2666468620300293
rafdb_role_age,clip-vit-l14,lda_shrink,768,2,8,2,A=age,A_kept,rff,gamma x2.0,0.8020868776227742,0.8263132473813414,0.7798490901020861,0.7869388960291647,0.268998384475708
rafdb_role_age,clip-vit-l14,lda_shrink,768,2,8,2,A=age,A_kept,tree,"depth=None,it=27",0.8164908699104003,0.8665366018141306,0.7656458055925432,0.7712770025286074,0.2510805130004883
rafdb_role_age,clip-vit-l14,lda_shrink,768,2,8,2,A=age,A_kept,tree,"depth=6,it=44",0.813655438357718,0.8597346694265182,0.7647581003106968,0.7713393284355693,0.30699992179870605
rafdb_role_age,clip-vit-l14,lda_shrink,768,2,8,2,A=age,A_kept,knn,k=15,1.0,1.0,0.8308921438082557,0.724829082737004,0.050002336502075195
rafdb_role_age,clip-vit-l14,lda_shrink,768,2,8,2,A=age,A_kept,knn,k=50,1.0,1.0,0.8322237017310253,0.7174143557913633,0.08904600143432617
rafdb_role_age,clip-vit-l14,lda_shrink,768,2,8,2,A=age,Aprime_heldout,lr,wd=1e-05,0.7061378112333526,0.7069388413053382,0.7128834355828221,0.7106551840594394,0.16500043869018555
rafdb_role_age,clip-vit-l14,lda_shrink,768,2,8,2,A=age,Aprime_heldout,lr,wd=0.001,0.7061378112333526,0.7069388413053382,0.7128834355828221,0.7106551840594394,0.16100001335144043
rafdb_role_age,clip-vit-l14,lda_shrink,768,2,8,2,A=age,Aprime_heldout,lr,wd=0.1,0.7064273306311523,0.7071691499188804,0.7128834355828221,0.7106551840594394,0.1550002098083496
rafdb_role_age,clip-vit-l14,lda_shrink,768,2,8,2,A=age,Aprime_heldout,mlp,"h=256,seed=0",0.711638679791546,0.7100394809637276,0.7030674846625767,0.6980061790936496,0.4830753803253174
rafdb_role_age,clip-vit-l14,lda_shrink,768,2,8,2,A=age,Aprime_heldout,mlp,"h=256,seed=1",0.7081644470179502,0.7063193596020382,0.701840490797546,0.6974683227638311,0.48600029945373535
rafdb_role_age,clip-vit-l14,lda_shrink,768,2,8,2,A=age,Aprime_heldout,mlp,"h=1024,seed=0",0.7119281991893457,0.709632177577814,0.7042944785276074,0.6990349856780116,0.49699974060058594
rafdb_role_age,clip-vit-l14,lda_shrink,768,2,8,2,A=age,Aprime_heldout,mlp,"h=1024,seed=1",0.7081644470179502,0.7090292105997251,0.701840490797546,0.6994321237820056,0.4909999370574951
rafdb_role_age,clip-vit-l14,lda_shrink,768,2,8,2,A=age,Aprime_heldout,rff,gamma x0.5,0.7078749276201506,0.7091177079859108,0.6993865030674846,0.697865460867825,0.2099618911743164
rafdb_role_age,clip-vit-l14,lda_shrink,768,2,8,2,A=age,Aprime_heldout,rff,gamma x2.0,0.7177185871453388,0.7107314838516503,0.7055214723926381,0.6976090409896556,0.18705248832702637
rafdb_role_age,clip-vit-l14,lda_shrink,768,2,8,2,A=age,Aprime_heldout,tree,"depth=None,it=34",0.7455124493341054,0.7417676787440767,0.6957055214723926,0.6879057375511276,0.1535937786102295
rafdb_role_age,clip-vit-l14,lda_shrink,768,2,8,2,A=age,Aprime_heldout,tree,"depth=6,it=35",0.7414591777649102,0.737746343155167,0.694478527607362,0.6863859807122219,0.15452957153320312
rafdb_role_age,clip-vit-l14,lda_shrink,768,2,8,2,A=age,Aprime_heldout,knn,k=15,1.0,1.0,0.6748466257668712,0.6443956621261586,0.016000747680664062
rafdb_role_age,clip-vit-l14,lda_shrink,768,2,8,2,A=age,Aprime_heldout,knn,k=50,1.0,1.0,0.694478527607362,0.6647841695123019,0.03399920463562012
rafdb_role_age,clip-vit-l14,lda_shrink,768,2,8,2,A=age,B_emotion,lr,wd=1e-05,0.2535245701246842,0.1907589084084047,0.24934810951760103,0.1802039306638767,0.1630079746246338
rafdb_role_age,clip-vit-l14,lda_shrink,768,2,8,2,A=age,B_emotion,lr,wd=0.001,0.2535245701246842,0.1907589084084047,0.24934810951760103,0.1802039306638767,0.1485891342163086
rafdb_role_age,clip-vit-l14,lda_shrink,768,2,8,2,A=age,B_emotion,lr,wd=0.1,0.25393203487898297,0.19058735915267602,0.24967405475880053,0.18032448521481095,0.14787697792053223
rafdb_role_age,clip-vit-l14,lda_shrink,768,2,8,2,A=age,B_emotion,mlp,"h=256,seed=0",0.23527014913210006,0.22203081265331237,0.21349413298565842,0.18797512609789888,1.388120174407959
rafdb_role_age,clip-vit-l14,lda_shrink,768,2,8,2,A=age,B_emotion,mlp,"h=256,seed=1",0.23975226142938635,0.22208613344452122,0.2213168187744459,0.19367780229868173,1.3968040943145752
rafdb_role_age,clip-vit-l14,lda_shrink,768,2,8,2,A=age,B_emotion,mlp,"h=1024,seed=0",0.21685274223779644,0.22997690887668748,0.19035202086049544,0.18099103352339876,1.4681546688079834
rafdb_role_age,clip-vit-l14,lda_shrink,768,2,8,2,A=age,B_emotion,mlp,"h=1024,seed=1",0.26908972373889656,0.22469036001870396,0.24641460234680573,0.18434139767813296,1.4134182929992676
rafdb_role_age,clip-vit-l14,lda_shrink,768,2,8,2,A=age,B_emotion,rff,gamma x0.5,0.23184744519599054,0.22048554008614568,0.21870925684485007,0.19450792791056748,0.34653425216674805
rafdb_role_age,clip-vit-l14,lda_shrink,768,2,8,2,A=age,B_emotion,rff,gamma x2.0,0.23828538831391086,0.23400524257605831,0.20697522816166883,0.18507918824906697,0.36252331733703613
rafdb_role_age,clip-vit-l14,lda_shrink,768,2,8,2,A=age,B_emotion,tree,"depth=None,it=17",0.31684459294271045,0.3670501941918179,0.21577574967405475,0.18463590922792586,0.3204951286315918
rafdb_role_age,clip-vit-l14,lda_shrink,768,2,8,2,A=age,B_emotion,tree,"depth=6,it=15",0.2997310732621628,0.3245193298035454,0.22848761408083443,0.19348503068278886,0.2990875244140625
rafdb_role_age,clip-vit-l14,lda_shrink,768,2,8,2,A=age,B_emotion,knn,k=15,1.0,1.0,0.36114732724902215,0.17490542318221408,0.06800079345703125
rafdb_role_age,clip-vit-l14,lda_shrink,768,2,8,2,A=age,B_emotion,knn,k=50,1.0,1.0,0.39276401564537156,0.17651269175681347,0.13002753257751465
rafdb_role_age,clip-vit-l14,lda_shrink,768,2,8,2,A=age,B_gender,lr,wd=1e-05,0.6071707613508117,0.5931638116451283,0.6057859881491809,0.5942687483319989,0.17796111106872559
rafdb_role_age,clip-vit-l14,lda_shrink,768,2,8,2,A=age,B_gender,lr,wd=0.001,0.6071707613508117,0.5931638116451283,0.6057859881491809,0.5942687483319989,0.16300058364868164
rafdb_role_age,clip-vit-l14,lda_shrink,768,2,8,2,A=age,B_gender,lr,wd=0.1,0.6069971351679834,0.5930114190818854,0.6057859881491809,0.5942687483319989,0.1679995059967041
rafdb_role_age,clip-vit-l14,lda_shrink,768,2,8,2,A=age,B_gender,mlp,"h=256,seed=0",0.6135949301154614,0.6042299957630133,0.597420704078076,0.5900700807559628,1.400829553604126
rafdb_role_age,clip-vit-l14,lda_shrink,768,2,8,2,A=age,B_gender,mlp,"h=256,seed=1",0.6133344908412188,0.6032366003835361,0.5946322760543743,0.5867758404254267,1.4060001373291016
rafdb_role_age,clip-vit-l14,lda_shrink,768,2,8,2,A=age,B_gender,mlp,"h=1024,seed=0",0.6187169025088983,0.6012748804608385,0.6026490066225165,0.5880071958801609,1.4335832595825195
rafdb_role_age,clip-vit-l14,lda_shrink,768,2,8,2,A=age,B_gender,mlp,"h=1024,seed=1",0.6220157999826373,0.6061687046238615,0.6002091321017776,0.5875885893900306,1.4246463775634766
rafdb_role_age,clip-vit-l14,lda_shrink,768,2,8,2,A=age,B_gender,rff,gamma x0.5,0.6079520791735393,0.5998940169210161,0.6005576856047403,0.5938563196236002,0.32965540885925293
rafdb_role_age,clip-vit-l14,lda_shrink,768,2,8,2,A=age,B_gender,rff,gamma x2.0,0.6137685562982897,0.6046291001116151,0.5928895085395608,0.5852326305488835,0.3385629653930664
rafdb_role_age,clip-vit-l14,lda_shrink,768,2,8,2,A=age,B_gender,tree,"depth=None,it=25",0.6351245767861794,0.6283816346332806,0.5897525270128965,0.583371635580069,0.17950868606567383
rafdb_role_age,clip-vit-l14,lda_shrink,768,2,8,2,A=age,B_gender,tree,"depth=6,it=33",0.6410278670023439,0.6327735040703909,0.5942837225514116,0.5867422332928071,0.19650721549987793
rafdb_role_age,clip-vit-l14,lda_shrink,768,2,8,2,A=age,B_gender,knn,k=15,1.0,1.0,0.5709306378529104,0.5546951141159842,0.05900239944458008
rafdb_role_age,clip-vit-l14,lda_shrink,768,2,8,2,A=age,B_gender,knn,k=50,1.0,1.0,0.5984663645869641,0.5765108383002698,0.10460972785949707
rafdb_role_age,clip-vit-l14,lda_shrink,768,2,8,2,A=age,B_race,lr,wd=1e-05,0.2153858691223209,0.39750045618207874,0.211864406779661,0.404763387555169,0.15769004821777344
rafdb_role_age,clip-vit-l14,lda_shrink,768,2,8,2,A=age,B_race,lr,wd=0.001,0.2153858691223209,0.39750045618207874,0.211864406779661,0.404763387555169,0.14495468139648438
rafdb_role_age,clip-vit-l14,lda_shrink,768,2,8,2,A=age,B_race,lr,wd=0.1,0.21554885502404042,0.39784913121694626,0.211864406779661,0.404763387555169,0.14599299430847168
rafdb_role_age,clip-vit-l14,lda_shrink,768,2,8,2,A=age,B_race,mlp,"h=256,seed=0",0.2917447640779073,0.42951004217154115,0.273142112125163,0.4113644820929418,1.3851337432861328
rafdb_role_age,clip-vit-l14,lda_shrink,768,2,8,2,A=age,B_race,mlp,"h=256,seed=1",0.26908972373889656,0.4260944083526881,0.25945241199478486,0.412910132243256,1.3700852394104004
rafdb_role_age,clip-vit-l14,lda_shrink,768,2,8,2,A=age,B_race,mlp,"h=1024,seed=0",0.26640045636052484,0.4310604504578615,0.25521512385919165,0.4150719582635696,1.4243392944335938
rafdb_role_age,clip-vit-l14,lda_shrink,768,2,8,2,A=age,B_race,mlp,"h=1024,seed=1",0.2680303153777198,0.43264623711931005,0.2542372881355932,0.41635969647176724,1.4120819568634033
rafdb_role_age,clip-vit-l14,lda_shrink,768,2,8,2,A=age,B_race,rff,gamma x0.5,0.2749572162007986,0.42866419903113845,0.2620599739243807,0.4133100310490135,0.34461379051208496
rafdb_role_age,clip-vit-l14,lda_shrink,768,2,8,2,A=age,B_race,rff,gamma x2.0,0.2670523999674028,0.4361530258857043,0.25554106910039115,0.4167019244044747,0.3519175052642822
rafdb_role_age,clip-vit-l14,lda_shrink,768,2,8,2,A=age,B_race,tree,"depth=None,it=17",0.39988590986879635,0.5268931399161824,0.3272490221642764,0.39845556242833996,0.2100052833557129
rafdb_role_age,clip-vit-l14,lda_shrink,768,2,8,2,A=age,B_race,tree,"depth=6,it=15",0.37217830657648115,0.4982628088917458,0.3327900912646675,0.4287136299508463,0.20805144309997559
rafdb_role_age,clip-vit-l14,lda_shrink,768,2,8,2,A=age,B_race,knn,k=15,1.0,1.0,0.7486962190352021,0.33353990449953314,0.04999971389770508
rafdb_role_age,clip-vit-l14,lda_shrink,768,2,8,2,A=age,B_race,knn,k=50,1.0,1.0,0.7614080834419817,0.3317549262475566,0.11203408241271973
