f,seed,target,n_classes,chance_balanced,abs_err,rel_err,family,cfg,train_acc,train_bal,test_acc,test_bal,sec
16,0,A_kept,5,0.2,0.00016015406367603235,3.202478469132892e-05,lr,wd=1e-05,0.9367948182198078,0.9207299970528634,0.9131687242798354,0.8898094490565829,8.592502117156982
16,0,A_kept,5,0.2,0.00016015406367603235,3.202478469132892e-05,lr,wd=0.001,0.9367948182198078,0.9205810461731094,0.9131687242798354,0.8898094490565829,0.30899858474731445
16,0,A_kept,5,0.2,0.00016015406367603235,3.202478469132892e-05,lr,wd=0.1,0.9333472628499792,0.9182968549326673,0.9094650205761317,0.8902740073924782,0.29649877548217773
16,0,A_kept,5,0.2,0.00016015406367603235,3.202478469132892e-05,mlp,"h=256,seed=0",0.9412870873380693,0.9355844535260054,0.9135802469135802,0.8882112151093684,1.7714998722076416
16,0,A_kept,5,0.2,0.00016015406367603235,3.202478469132892e-05,mlp,"h=256,seed=1",0.9386753029669871,0.9360302883901228,0.9127572016460905,0.8947716278850661,1.9775006771087646
16,0,A_kept,5,0.2,0.00016015406367603235,3.202478469132892e-05,mlp,"h=1024,seed=0",0.941496030087756,0.9413634738741384,0.9106995884773662,0.892674333271018,2.5750010013580322
16,0,A_kept,5,0.2,0.00016015406367603235,3.202478469132892e-05,mlp,"h=1024,seed=1",0.9446301713330547,0.9413433991283713,0.9131687242798354,0.8837030293194909,2.444498062133789
16,0,A_kept,5,0.2,0.00016015406367603235,3.202478469132892e-05,rff,gamma x0.5,0.937944003343084,0.9236014707349367,0.9148148148148149,0.8975840634216612,0.502500057220459
16,0,A_kept,5,0.2,0.00016015406367603235,3.202478469132892e-05,rff,gamma x2.0,0.9388842457166736,0.9278447172205755,0.9119341563786009,0.9005299900180368,0.4850037097930908
16,0,A_kept,5,0.2,0.00016015406367603235,3.202478469132892e-05,tree,"depth=None,it=27",0.9851650647722524,0.981029605881458,0.917283950617284,0.8794805245095694,114.77450013160706
16,0,A_kept,5,0.2,0.00016015406367603235,3.202478469132892e-05,tree,"depth=6,it=27",0.9727329711659005,0.9744771940897653,0.9176954732510288,0.8870372216293543,124.64950203895569
16,0,A_kept,5,0.2,0.00016015406367603235,3.202478469132892e-05,knn,k=15,1.0,1.0,0.9197530864197531,0.8702330823605043,1.4149987697601318
16,0,A_kept,5,0.2,0.00016015406367603235,3.202478469132892e-05,knn,k=50,1.0,1.0,0.9213991769547325,0.8676581331542966,1.5045006275177002
16,0,Aprime_heldout,2,0.5,0.00016015406367603235,3.202478469132892e-05,lr,wd=1e-05,0.7869581326417192,0.79396859039585,0.7946708463949843,0.7922855648535565,0.30300164222717285
16,0,Aprime_heldout,2,0.5,0.00016015406367603235,3.202478469132892e-05,lr,wd=0.001,0.7869581326417192,0.79396859039585,0.7946708463949843,0.7922855648535565,0.2884979248046875
16,0,Aprime_heldout,2,0.5,0.00016015406367603235,3.202478469132892e-05,lr,wd=0.1,0.7836235642830678,0.7912530768548738,0.7931034482758621,0.795397489539749,0.28600001335144043
16,0,Aprime_heldout,2,0.5,0.00016015406367603235,3.202478469132892e-05,mlp,"h=256,seed=0",0.7876991478325306,0.8015944054369379,0.7946708463949843,0.7922855648535565,0.8434994220733643
16,0,Aprime_heldout,2,0.5,0.00016015406367603235,3.202478469132892e-05,mlp,"h=256,seed=1",0.798443868099296,0.8115807258351664,0.8009404388714734,0.8006276150627616,0.844001293182373
16,0,Aprime_heldout,2,0.5,0.00016015406367603235,3.202478469132892e-05,mlp,"h=1024,seed=0",0.7921452389773991,0.8095175266379282,0.7899686520376176,0.7995423640167364,0.8749988079071045
16,0,Aprime_heldout,2,0.5,0.00016015406367603235,3.202478469132892e-05,mlp,"h=1024,seed=1",0.7799184883290108,0.8114294339431452,0.774294670846395,0.7932400627615064,0.9255011081695557
16,0,Aprime_heldout,2,0.5,0.00016015406367603235,3.202478469132892e-05,rff,gamma x0.5,0.7843645794738792,0.7926477769943437,0.8040752351097179,0.804798640167364,0.6265017986297607
16,0,Aprime_heldout,2,0.5,0.00016015406367603235,3.202478469132892e-05,rff,gamma x2.0,0.7999258984809189,0.8108094890274675,0.786833855799373,0.7849764644351465,0.6414992809295654
16,0,Aprime_heldout,2,0.5,0.00016015406367603235,3.202478469132892e-05,tree,"depth=None,it=26",0.9136717302704706,0.9180768478369481,0.8119122257053292,0.7788441422594142,74.045006275177
16,0,Aprime_heldout,2,0.5,0.00016015406367603235,3.202478469132892e-05,tree,"depth=6,it=30",0.8981104112634309,0.9092618081562515,0.7962382445141066,0.7663049163179916,61.25999617576599
16,0,Aprime_heldout,2,0.5,0.00016015406367603235,3.202478469132892e-05,knn,k=15,1.0,1.0,0.8197492163009404,0.7175470711297072,0.15399789810180664
16,0,Aprime_heldout,2,0.5,0.00016015406367603235,3.202478469132892e-05,knn,k=50,1.0,1.0,0.8181818181818182,0.7019482217573222,0.1659996509552002
16,0,B_gender,2,0.5,0.00016015406367603235,3.202478469132892e-05,lr,wd=1e-05,0.5628960847295772,0.5492461164183265,0.5670965493203207,0.554967183623442,0.2500009536743164
16,0,B_gender,2,0.5,0.00016015406367603235,3.202478469132892e-05,lr,wd=0.001,0.5620279538154354,0.5481880994596813,0.5684907633321715,0.5563851080864692,0.2590000629425049
16,0,B_gender,2,0.5,0.00016015406367603235,3.202478469132892e-05,lr,wd=0.1,0.5213126139421825,0.5277235028929378,0.520738933426281,0.5264777253901887,0.25
16,0,B_gender,2,0.5,0.00016015406367603235,3.202478469132892e-05,mlp,"h=256,seed=0",0.578262001909888,0.5765240470668904,0.5726734053677239,0.5730154493965542,1.9294989109039307
16,0,B_gender,2,0.5,0.00016015406367603235,3.202478469132892e-05,mlp,"h=256,seed=1",0.5795641982811008,0.5833907047115403,0.5705820843499477,0.5761142247131038,1.6485071182250977
16,0,B_gender,2,0.5,0.00016015406367603235,3.202478469132892e-05,mlp,"h=1024,seed=0",0.5812136470179703,0.5806936760683175,0.5799930289299408,0.5814221747768585,2.775076150894165
16,0,B_gender,2,0.5,0.00016015406367603235,3.202478469132892e-05,mlp,"h=1024,seed=1",0.5900685823422172,0.5723800883883016,0.6002091321017776,0.5851132758058298,2.7665205001831055
16,0,B_gender,2,0.5,0.00016015406367603235,3.202478469132892e-05,rff,gamma x0.5,0.5747894782533206,0.579964715756973,0.5792959219240154,0.5862139093991242,0.48050785064697266
16,0,B_gender,2,0.5,0.00016015406367603235,3.202478469132892e-05,rff,gamma x2.0,0.5867696848684781,0.5896656537290494,0.5779017079121646,0.5815872451047257,0.4564931392669678
16,0,B_gender,2,0.5,0.00016015406367603235,3.202478469132892e-05,tree,"depth=None,it=17",0.6580432329195243,0.6643363496013905,0.5660508888114325,0.5687097826409275,62.98249340057373
16,0,B_gender,2,0.5,0.00016015406367603235,3.202478469132892e-05,tree,"depth=6,it=21",0.648059727406893,0.6558204890002821,0.5751132798884628,0.5799432138303235,70.33099889755249
16,0,B_gender,2,0.5,0.00016015406367603235,3.202478469132892e-05,knn,k=15,1.0,1.0,0.5719762983617985,0.5537874744239837,1.5795023441314697
16,0,B_gender,2,0.5,0.00016015406367603235,3.202478469132892e-05,knn,k=50,1.0,1.0,0.5981178110840014,0.5722600302464194,1.5560312271118164
16,0,B_race,3,0.3333333333333333,0.00016015406367603235,3.202478469132892e-05,lr,wd=1e-05,0.36981501100154834,0.3819452036125705,0.3484354628422425,0.3373858110880285,0.540001392364502
16,0,B_race,3,0.3333333333333333,0.00016015406367603235,3.202478469132892e-05,lr,wd=0.001,0.3667997718197376,0.38103139680805187,0.35039113428943935,0.3363957266921778,0.5279989242553711
16,0,B_race,3,0.3333333333333333,0.00016015406367603235,3.202478469132892e-05,lr,wd=0.1,0.3611767582104148,0.3799366282462103,0.3484354628422425,0.3395597591314492,0.5044996738433838
16,0,B_race,3,0.3333333333333333,0.00016015406367603235,3.202478469132892e-05,mlp,"h=256,seed=0",0.41292478200635646,0.42109249860286163,0.3895045632333768,0.374452432485092,1.7685065269470215
16,0,B_race,3,0.3333333333333333,0.00016015406367603235,3.202478469132892e-05,mlp,"h=256,seed=1",0.3947518539646321,0.4240234820368651,0.36277705345501954,0.36843734612491663,1.656493902206421
16,0,B_race,3,0.3333333333333333,0.00016015406367603235,3.202478469132892e-05,mlp,"h=1024,seed=0",0.37494906690571267,0.4142851566898526,0.3533246414602347,0.37028807158076854,3.0254993438720703
16,0,B_race,3,0.3333333333333333,0.00016015406367603235,3.202478469132892e-05,mlp,"h=1024,seed=1",0.3570206177165675,0.4269084962286025,0.32301173402868316,0.3707331127855234,2.972001791000366
16,0,B_race,3,0.3333333333333333,0.00016015406367603235,3.202478469132892e-05,rff,gamma x0.5,0.35482030804335424,0.42075080022309147,0.32757496740547587,0.3738633834522726,0.82200026512146
16,0,B_race,3,0.3333333333333333,0.00016015406367603235,3.202478469132892e-05,rff,gamma x2.0,0.3639475185396463,0.44253212333202524,0.33148631029986964,0.36657604165417673,0.7955005168914795
16,0,B_race,3,0.3333333333333333,0.00016015406367603235,3.202478469132892e-05,tree,"depth=None,it=11",0.5568413332246761,0.6638167516181553,0.424380704041721,0.3578982198810949,95.51400017738342
16,0,B_race,3,0.3333333333333333,0.00016015406367603235,3.202478469132892e-05,tree,"depth=6,it=12",0.519925026485209,0.6375878691091488,0.3891786179921773,0.35175063427610914,94.63903450965881
16,0,B_race,3,0.3333333333333333,0.00016015406367603235,3.202478469132892e-05,knn,k=15,1.0,1.0,0.7623859191655802,0.33675307986886777,1.6404659748077393
16,0,B_race,3,0.3333333333333333,0.00016015406367603235,3.202478469132892e-05,knn,k=50,1.0,1.0,0.766297262059974,0.3333333333333333,1.7855026721954346
16,0,B_age,5,0.2,0.00016015406367603235,3.202478469132892e-05,lr,wd=1e-05,0.20902941895526037,0.3183450798282323,0.2213168187744459,0.3191175689670339,0.24399590492248535
16,0,B_age,5,0.2,0.00016015406367603235,3.202478469132892e-05,lr,wd=0.001,0.20902941895526037,0.3183450798282323,0.2213168187744459,0.3191175689670339,0.2585022449493408
16,0,B_age,5,0.2,0.00016015406367603235,3.202478469132892e-05,lr,wd=0.1,0.20878494010268112,0.31830492826168233,0.2213168187744459,0.3191175689670339,0.2559962272644043
16,0,B_age,5,0.2,0.00016015406367603235,3.202478469132892e-05,mlp,"h=256,seed=0",0.2606959498003423,0.3796883074002445,0.24315514993481094,0.3432474363060992,1.6460018157958984
16,0,B_age,5,0.2,0.00016015406367603235,3.202478469132892e-05,mlp,"h=256,seed=1",0.24765707766278217,0.3694317094324269,0.23859191655801826,0.3422983441377091,1.6120009422302246
16,0,B_age,5,0.2,0.00016015406367603235,3.202478469132892e-05,mlp,"h=1024,seed=0",0.2737348219379024,0.36877978645132464,0.25749674054758803,0.3225838560441236,3.224508285522461
16,0,B_age,5,0.2,0.00016015406367603235,3.202478469132892e-05,mlp,"h=1024,seed=1",0.23518865618124032,0.37207070950015214,0.2183833116036506,0.3324700569668645,3.2425270080566406
16,0,B_age,5,0.2,0.00016015406367603235,3.202478469132892e-05,rff,gamma x0.5,0.2586586260288485,0.35929265893303086,0.2522816166883963,0.3525586886653387,0.4819943904876709
16,0,B_age,5,0.2,0.00016015406367603235,3.202478469132892e-05,rff,gamma x2.0,0.2940265667019803,0.3949910609233716,0.26401564537157757,0.3395939098774794,0.5235061645507812
16,0,B_age,5,0.2,0.00016015406367603235,3.202478469132892e-05,tree,"depth=None,it=18",0.5260369977996904,0.6384492989114702,0.33833116036505867,0.31515156780736175,75.15049624443054
16,0,B_age,5,0.2,0.00016015406367603235,3.202478469132892e-05,tree,"depth=6,it=16",0.46833998859098686,0.5866442486465999,0.32301173402868316,0.3231143049102518,67.99664783477783
16,0,B_age,5,0.2,0.00016015406367603235,3.202478469132892e-05,knn,k=15,1.0,1.0,0.5283572359843546,0.2581833128124803,1.616502285003662
16,0,B_age,5,0.2,0.00016015406367603235,3.202478469132892e-05,knn,k=50,1.0,1.0,0.5541069100391134,0.25658667549921865,1.6344997882843018
16,1,A_kept,5,0.2,0.00016015406367603235,3.202478469132892e-05,lr,wd=1e-05,0.9364814040952779,0.9207649448771928,0.9123456790123456,0.8894351132212541,0.2284986972808838
16,1,A_kept,5,0.2,0.00016015406367603235,3.202478469132892e-05,lr,wd=0.001,0.9364814040952779,0.9207649448771928,0.9123456790123456,0.8894351132212541,0.2264997959136963
16,1,A_kept,5,0.2,0.00016015406367603235,3.202478469132892e-05,lr,wd=0.1,0.9340785624738821,0.918768934535773,0.9111111111111111,0.8888910960032825,0.24750089645385742
16,1,A_kept,5,0.2,0.00016015406367603235,3.202478469132892e-05,mlp,"h=256,seed=0",0.9386753029669871,0.9360302883901228,0.9127572016460905,0.8947716278850661,1.3640000820159912
16,1,A_kept,5,0.2,0.00016015406367603235,3.202478469132892e-05,mlp,"h=256,seed=1",0.9377350605933974,0.937386215208007,0.9078189300411522,0.892570967165397,1.374999761581421
16,1,A_kept,5,0.2,0.00016015406367603235,3.202478469132892e-05,mlp,"h=1024,seed=0",0.9446301713330547,0.9413433991283713,0.9131687242798354,0.8837030293194909,2.5388622283935547
16,1,A_kept,5,0.2,0.00016015406367603235,3.202478469132892e-05,mlp,"h=1024,seed=1",0.9355411617216882,0.9420637124711402,0.9041152263374486,0.8835519789079882,2.5479576587677
16,1,A_kept,5,0.2,0.00016015406367603235,3.202478469132892e-05,rff,gamma x0.5,0.9381529460927706,0.9235721654203433,0.9131687242798354,0.8931838987993569,0.40749287605285645
16,1,A_kept,5,0.2,0.00016015406367603235,3.202478469132892e-05,rff,gamma x2.0,0.9394066025908901,0.9283910077621386,0.9135802469135802,0.9006415740876802,0.39850378036499023
16,1,A_kept,5,0.2,0.00016015406367603235,3.202478469132892e-05,tree,"depth=None,it=31",0.9887170915169243,0.9842482655048339,0.9156378600823045,0.8757079712773539,67.5775465965271
16,1,A_kept,5,0.2,0.00016015406367603235,3.202478469132892e-05,tree,"depth=6,it=31",0.975031341412453,0.9766934250974966,0.917283950617284,0.8842723214009844,66.52800035476685
16,1,A_kept,5,0.2,0.00016015406367603235,3.202478469132892e-05,knn,k=15,1.0,1.0,0.9197530864197531,0.8702330823605043,1.008500576019287
16,1,A_kept,5,0.2,0.00016015406367603235,3.202478469132892e-05,knn,k=50,1.0,1.0,0.9213991769547325,0.8676581331542966,1.0564992427825928
16,1,Aprime_heldout,2,0.5,0.00016015406367603235,3.202478469132892e-05,lr,wd=1e-05,0.7851055946646907,0.7909269196830048,0.7946708463949843,0.7943645397489539,0.2239983081817627
16,1,Aprime_heldout,2,0.5,0.00016015406367603235,3.202478469132892e-05,lr,wd=0.001,0.7851055946646907,0.7909269196830048,0.7946708463949843,0.7943645397489539,0.21300029754638672
16,1,Aprime_heldout,2,0.5,0.00016015406367603235,3.202478469132892e-05,lr,wd=0.1,0.7851055946646907,0.7913719993188346,0.7946708463949843,0.7943645397489539,0.21500134468078613
16,1,Aprime_heldout,2,0.5,0.00016015406367603235,3.202478469132892e-05,mlp,"h=256,seed=0",0.798443868099296,0.8115807258351664,0.8009404388714734,0.8006276150627616,0.578498363494873
16,1,Aprime_heldout,2,0.5,0.00016015406367603235,3.202478469132892e-05,mlp,"h=256,seed=1",0.8077065579844387,0.8107662125095173,0.8072100313479624,0.802732740585774,0.5764999389648438
16,1,Aprime_heldout,2,0.5,0.00016015406367603235,3.202478469132892e-05,mlp,"h=1024,seed=0",0.7799184883290108,0.8114294339431452,0.774294670846395,0.7932400627615064,0.8059024810791016
16,1,Aprime_heldout,2,0.5,0.00016015406367603235,3.202478469132892e-05,mlp,"h=1024,seed=1",0.782141533901445,0.8089373398241073,0.7821316614420063,0.8026281380753137,0.8095235824584961
16,1,Aprime_heldout,2,0.5,0.00016015406367603235,3.202478469132892e-05,rff,gamma x0.5,0.7814005187106335,0.7901845338872728,0.8040752351097179,0.8068776150627615,0.24399065971374512
16,1,Aprime_heldout,2,0.5,0.00016015406367603235,3.202478469132892e-05,rff,gamma x2.0,0.7991848832901074,0.8107500277954871,0.786833855799373,0.7891344142259413,0.24200034141540527
16,1,Aprime_heldout,2,0.5,0.00016015406367603235,3.202478469132892e-05,tree,"depth=None,it=20",0.8951463505001852,0.9027928483267117,0.7931034482758621,0.7579759414225942,54.58030128479004
16,1,Aprime_heldout,2,0.5,0.00016015406367603235,3.202478469132892e-05,tree,"depth=6,it=22",0.8825490922563912,0.8919902553947874,0.7978056426332288,0.7860617154811715,55.442774534225464
16,1,Aprime_heldout,2,0.5,0.00016015406367603235,3.202478469132892e-05,knn,k=15,1.0,1.0,0.8197492163009404,0.7175470711297072,0.11246204376220703
16,1,Aprime_heldout,2,0.5,0.00016015406367603235,3.202478469132892e-05,knn,k=50,1.0,1.0,0.8181818181818182,0.7019482217573222,0.14450383186340332
16,1,B_gender,2,0.5,0.00016015406367603235,3.202478469132892e-05,lr,wd=1e-05,0.5606389443528084,0.5507683204482658,0.5663994423143952,0.5574669612232996,0.241990327835083
16,1,B_gender,2,0.5,0.00016015406367603235,3.202478469132892e-05,lr,wd=0.001,0.5609861967184652,0.5509990920391441,0.5663994423143952,0.5571002480997143,0.25349879264831543
16,1,B_gender,2,0.5,0.00016015406367603235,3.202478469132892e-05,lr,wd=0.1,0.5615070752669502,0.5491618501250345,0.5657023353084698,0.5545577202502743,0.2395024299621582
16,1,B_gender,2,0.5,0.00016015406367603235,3.202478469132892e-05,mlp,"h=256,seed=0",0.5795641982811008,0.5833907047115403,0.5705820843499477,0.5761142247131038,1.629997968673706
16,1,B_gender,2,0.5,0.00016015406367603235,3.202478469132892e-05,mlp,"h=256,seed=1",0.5901553954336314,0.5789448046248638,0.5831300104566051,0.574115341656041,1.57450270652771
16,1,B_gender,2,0.5,0.00016015406367603235,3.202478469132892e-05,mlp,"h=1024,seed=0",0.5900685823422172,0.5723800883883016,0.6002091321017776,0.5851132758058298,2.784152030944824
16,1,B_gender,2,0.5,0.00016015406367603235,3.202478469132892e-05,mlp,"h=1024,seed=1",0.5828630957548399,0.5754801872144331,0.585569884977344,0.5795762535954689,2.821232557296753
16,1,B_gender,2,0.5,0.00016015406367603235,3.202478469132892e-05,rff,gamma x0.5,0.5736609080649362,0.5794182453095402,0.57859881491809,0.5864217299765738,0.440507173538208
16,1,B_gender,2,0.5,0.00016015406367603235,3.202478469132892e-05,rff,gamma x2.0,0.5879850681482768,0.5900662798512806,0.5806901359358662,0.5841480591880912,0.4295003414154053
16,1,B_gender,2,0.5,0.00016015406367603235,3.202478469132892e-05,tree,"depth=None,it=22",0.6816563937841826,0.6858265447370397,0.5632624607877309,0.566424003400251,61.87026906013489
16,1,B_gender,2,0.5,0.00016015406367603235,3.202478469132892e-05,tree,"depth=6,it=19",0.6431113811962844,0.6503917690922796,0.5712791913558731,0.577831648034477,62.2496817111969
16,1,B_gender,2,0.5,0.00016015406367603235,3.202478469132892e-05,knn,k=15,1.0,1.0,0.5719762983617985,0.5537874744239837,1.420504093170166
16,1,B_gender,2,0.5,0.00016015406367603235,3.202478469132892e-05,knn,k=50,1.0,1.0,0.5981178110840014,0.5722600302464194,1.4784958362579346
16,1,B_race,3,0.3333333333333333,0.00016015406367603235,3.202478469132892e-05,lr,wd=1e-05,0.36867410968951186,0.3810260103939786,0.3539765319426336,0.3386799960598344,0.25046777725219727
16,1,B_race,3,0.3333333333333333,0.00016015406367603235,3.202478469132892e-05,lr,wd=0.001,0.35294597017358,0.38036391688061877,0.33604954367666234,0.3360030461541382,0.22349905967712402
16,1,B_race,3,0.3333333333333333,0.00016015406367603235,3.202478469132892e-05,lr,wd=0.1,0.3715263629696031,0.3817100964880989,0.3536505867014342,0.3407316023686486,0.23150110244750977
16,1,B_race,3,0.3333333333333333,0.00016015406367603235,3.202478469132892e-05,mlp,"h=256,seed=0",0.3947518539646321,0.4240234820368651,0.36277705345501954,0.36843734612491663,1.5674996376037598
16,1,B_race,3,0.3333333333333333,0.00016015406367603235,3.202478469132892e-05,mlp,"h=256,seed=1",0.3337951267215386,0.4175686862027444,0.3109517601043025,0.3636366109966613,1.5360007286071777
16,1,B_race,3,0.3333333333333333,0.00016015406367603235,3.202478469132892e-05,mlp,"h=1024,seed=0",0.3570206177165675,0.4269084962286025,0.32301173402868316,0.3707331127855234,2.939074754714966
16,1,B_race,3,0.3333333333333333,0.00016015406367603235,3.202478469132892e-05,mlp,"h=1024,seed=1",0.3808165593676147,0.4166222121807566,0.35267275097783574,0.36461956368379167,2.816046714782715
16,1,B_race,3,0.3333333333333333,0.00016015406367603235,3.202478469132892e-05,rff,gamma x0.5,0.35832450493032353,0.4235578396733317,0.3282268578878748,0.3719535607816266,0.4239935874938965
16,1,B_race,3,0.3333333333333333,0.00016015406367603235,3.202478469132892e-05,rff,gamma x2.0,0.36981501100154834,0.44124262749379145,0.34419817470664926,0.3726636719812612,0.43800854682922363
16,1,B_race,3,0.3333333333333333,0.00016015406367603235,3.202478469132892e-05,tree,"depth=None,it=13",0.5624643468339988,0.681765396249026,0.4305736636245111,0.3701000390938068,61.721675634384155
16,1,B_race,3,0.3333333333333333,0.00016015406367603235,3.202478469132892e-05,tree,"depth=6,it=12",0.48912069106022327,0.6299086366288575,0.3816818774445893,0.3640196420881791,60.95993113517761
16,1,B_race,3,0.3333333333333333,0.00016015406367603235,3.202478469132892e-05,knn,k=15,1.0,1.0,0.7623859191655802,0.33675307986886777,1.4959983825683594
16,1,B_race,3,0.3333333333333333,0.00016015406367603235,3.202478469132892e-05,knn,k=50,1.0,1.0,0.766297262059974,0.3333333333333333,1.6485474109649658
16,1,B_age,5,0.2,0.00016015406367603235,3.202478469132892e-05,lr,wd=1e-05,0.20902941895526037,0.3183450798282323,0.2213168187744459,0.3191175689670339,0.26096153259277344
16,1,B_age,5,0.2,0.00016015406367603235,3.202478469132892e-05,lr,wd=0.001,0.20902941895526037,0.3183450798282323,0.2213168187744459,0.3191175689670339,0.23849964141845703
16,1,B_age,5,0.2,0.00016015406367603235,3.202478469132892e-05,lr,wd=0.1,0.20870344715182138,0.3182743050799338,0.2213168187744459,0.3191175689670339,0.24503827095031738
16,1,B_age,5,0.2,0.00016015406367603235,3.202478469132892e-05,mlp,"h=256,seed=0",0.24765707766278217,0.3694317094324269,0.23859191655801826,0.3422983441377091,1.536637783050537
16,1,B_age,5,0.2,0.00016015406367603235,3.202478469132892e-05,mlp,"h=256,seed=1",0.30763588949555865,0.3742242075085056,0.29595827900912647,0.3388555884102434,1.4460272789001465
16,1,B_age,5,0.2,0.00016015406367603235,3.202478469132892e-05,mlp,"h=1024,seed=0",0.23518865618124032,0.37207070950015214,0.2183833116036506,0.3324700569668645,2.809783697128296
16,1,B_age,5,0.2,0.00016015406367603235,3.202478469132892e-05,mlp,"h=1024,seed=1",0.34259636541439165,0.37534111205942927,0.32985658409387225,0.3395531693527491,2.819840431213379
16,1,B_age,5,0.2,0.00016015406367603235,3.202478469132892e-05,rff,gamma x0.5,0.25507293619101945,0.3582700622133328,0.24967405475880053,0.3498027612734117,0.44497203826904297
16,1,B_age,5,0.2,0.00016015406367603235,3.202478469132892e-05,rff,gamma x2.0,0.29215222883220604,0.39161303482109056,0.26108213820078224,0.333354387887735,0.43849921226501465
16,1,B_age,5,0.2,0.00016015406367603235,3.202478469132892e-05,tree,"depth=None,it=16",0.5135685763181485,0.6222651889250672,0.3484354628422425,0.3164199458688023,63.32194423675537
16,1,B_age,5,0.2,0.00016015406367603235,3.202478469132892e-05,tree,"depth=6,it=21",0.49808491565479585,0.6171191840023489,0.3318122555410691,0.3370946263896788,63.19000172615051
16,1,B_age,5,0.2,0.00016015406367603235,3.202478469132892e-05,knn,k=15,1.0,1.0,0.5283572359843546,0.2581833128124803,1.491499900817871
16,1,B_age,5,0.2,0.00016015406367603235,3.202478469132892e-05,knn,k=50,1.0,1.0,0.5541069100391134,0.25658667549921865,1.5604984760284424
16,2,A_kept,5,0.2,0.00016015406367603235,3.202478469132892e-05,lr,wd=1e-05,0.935436690346845,0.9191369494190536,0.9127572016460905,0.8918240308354533,0.23146653175354004
16,2,A_kept,5,0.2,0.00016015406367603235,3.202478469132892e-05,lr,wd=0.001,0.935436690346845,0.9191369494190536,0.9127572016460905,0.8918240308354533,0.22100496292114258
16,2,A_kept,5,0.2,0.00016015406367603235,3.202478469132892e-05,lr,wd=0.1,0.934391976598412,0.9181584848886091,0.9106995884773662,0.8909801489789132,0.2274949550628662
16,2,A_kept,5,0.2,0.00016015406367603235,3.202478469132892e-05,mlp,"h=256,seed=0",0.9377350605933974,0.937386215208007,0.9078189300411522,0.892570967165397,1.287001609802246
16,2,A_kept,5,0.2,0.00016015406367603235,3.202478469132892e-05,mlp,"h=256,seed=1",0.9370037609694943,0.9322285547820428,0.9090534979423869,0.8854370033034028,1.2835006713867188
16,2,A_kept,5,0.2,0.00016015406367603235,3.202478469132892e-05,mlp,"h=1024,seed=0",0.9355411617216882,0.9420637124711402,0.9041152263374486,0.8835519789079882,2.235098361968994
16,2,A_kept,5,0.2,0.00016015406367603235,3.202478469132892e-05,mlp,"h=1024,seed=1",0.9458838278311743,0.9399380780517987,0.911522633744856,0.876204470725787,2.2350962162017822
16,2,A_kept,5,0.2,0.00016015406367603235,3.202478469132892e-05,rff,gamma x0.5,0.9383618888424572,0.9239195710940518,0.91440329218107,0.8974152870503531,0.3645017147064209
16,2,A_kept,5,0.2,0.00016015406367603235,3.202478469132892e-05,rff,gamma x2.0,0.9393021312160468,0.9275702892987088,0.9111111111111111,0.8952499258883823,0.3959922790527344
16,2,A_kept,5,0.2,0.00016015406367603235,3.202478469132892e-05,tree,"depth=None,it=24",0.9824488090263268,0.9764592481561836,0.9152263374485596,0.8710603193048814,61.91653656959534
16,2,A_kept,5,0.2,0.00016015406367603235,3.202478469132892e-05,tree,"depth=6,it=25",0.9700167154199749,0.9688606544898729,0.9139917695473251,0.875095063317789,61.66000986099243
16,2,A_kept,5,0.2,0.00016015406367603235,3.202478469132892e-05,knn,k=15,1.0,1.0,0.9197530864197531,0.8702330823605043,0.9805405139923096
16,2,A_kept,5,0.2,0.00016015406367603235,3.202478469132892e-05,knn,k=50,1.0,1.0,0.9213991769547325,0.8676581331542966,1.0659613609313965
16,2,Aprime_heldout,2,0.5,0.00016015406367603235,3.202478469132892e-05,lr,wd=1e-05,0.7851055946646907,0.7909269196830048,0.7946708463949843,0.7943645397489539,0.2194995880126953
16,2,Aprime_heldout,2,0.5,0.00016015406367603235,3.202478469132892e-05,lr,wd=0.001,0.7851055946646907,0.7909269196830048,0.7946708463949843,0.7943645397489539,0.21449899673461914
16,2,Aprime_heldout,2,0.5,0.00016015406367603235,3.202478469132892e-05,lr,wd=0.1,0.7851055946646907,0.7913719993188346,0.7946708463949843,0.7943645397489539,0.2219986915588379
16,2,Aprime_heldout,2,0.5,0.00016015406367603235,3.202478469132892e-05,mlp,"h=256,seed=0",0.8077065579844387,0.8107662125095173,0.8072100313479624,0.802732740585774,0.5715007781982422
16,2,Aprime_heldout,2,0.5,0.00016015406367603235,3.202478469132892e-05,mlp,"h=256,seed=1",0.7902927010003705,0.8113717319192115,0.7899686520376176,0.797463389121339,0.5575072765350342
16,2,Aprime_heldout,2,0.5,0.00016015406367603235,3.202478469132892e-05,mlp,"h=1024,seed=0",0.782141533901445,0.8089373398241073,0.7821316614420063,0.8026281380753137,0.7245893478393555
16,2,Aprime_heldout,2,0.5,0.00016015406367603235,3.202478469132892e-05,mlp,"h=1024,seed=1",0.7988143756947017,0.8056018813674535,0.7962382445141066,0.785015690376569,0.7114787101745605
16,2,Aprime_heldout,2,0.5,0.00016015406367603235,3.202478469132892e-05,rff,gamma x0.5,0.7832530566876621,0.793226204600118,0.8087774294670846,0.814173640167364,0.24246835708618164
16,2,Aprime_heldout,2,0.5,0.00016015406367603235,3.202478469132892e-05,rff,gamma x2.0,0.7958503149314561,0.8102599124336602,0.7821316614420063,0.7839173640167364,0.2390000820159912
16,2,Aprime_heldout,2,0.5,0.00016015406367603235,3.202478469132892e-05,tree,"depth=None,it=26",0.9147832530566876,0.9237295351327921,0.7962382445141066,0.7621469665271967,51.971901416778564
16,2,Aprime_heldout,2,0.5,0.00016015406367603235,3.202478469132892e-05,tree,"depth=6,it=25",0.8847721378288255,0.9006251521714961,0.7915360501567398,0.7756406903765691,51.994202613830566
16,2,Aprime_heldout,2,0.5,0.00016015406367603235,3.202478469132892e-05,knn,k=15,1.0,1.0,0.8197492163009404,0.7175470711297072,0.11650300025939941
16,2,Aprime_heldout,2,0.5,0.00016015406367603235,3.202478469132892e-05,knn,k=50,1.0,1.0,0.8181818181818182,0.7019482217573222,0.14999651908874512
16,2,B_gender,2,0.5,0.00016015406367603235,3.202478469132892e-05,lr,wd=1e-05,0.5722718986023092,0.5567105082988311,0.5761589403973509,0.5614333442062291,0.2344987392425537
16,2,B_gender,2,0.5,0.00016015406367603235,3.202478469132892e-05,lr,wd=0.001,0.5716642069624099,0.5562018055060167,0.5761589403973509,0.5614333442062291,0.23100018501281738
16,2,B_gender,2,0.5,0.00016015406367603235,3.202478469132892e-05,lr,wd=0.1,0.5717510200538242,0.5565000423944613,0.5768560474032765,0.5623256629995355,0.22500061988830566
16,2,B_gender,2,0.5,0.00016015406367603235,3.202478469132892e-05,mlp,"h=256,seed=0",0.5901553954336314,0.5789448046248638,0.5831300104566051,0.574115341656041,1.6009998321533203
16,2,B_gender,2,0.5,0.00016015406367603235,3.202478469132892e-05,mlp,"h=256,seed=1",0.5826894695720115,0.5809774945359104,0.5789473684210527,0.5790293963565915,1.547499418258667
16,2,B_gender,2,0.5,0.00016015406367603235,3.202478469132892e-05,mlp,"h=1024,seed=0",0.5828630957548399,0.5754801872144331,0.585569884977344,0.5795762535954689,2.660940647125244
16,2,B_gender,2,0.5,0.00016015406367603235,3.202478469132892e-05,mlp,"h=1024,seed=1",0.5786960673669589,0.5688622242722956,0.5747647263855001,0.5674413604958041,2.6657159328460693
16,2,B_gender,2,0.5,0.00016015406367603235,3.202478469132892e-05,rff,gamma x0.5,0.5738345342477645,0.5801380749791086,0.5803415824329035,0.5883316529767024,0.4299740791320801
16,2,B_gender,2,0.5,0.00016015406367603235,3.202478469132892e-05,rff,gamma x2.0,0.5867696848684781,0.5899370366929442,0.5859184384803068,0.5896027933457877,0.4245007038116455
16,2,B_gender,2,0.5,0.00016015406367603235,3.202478469132892e-05,tree,"depth=None,it=19",0.6643805885927598,0.6711815794436236,0.5751132798884628,0.579759857268531,59.46899390220642
16,2,B_gender,2,0.5,0.00016015406367603235,3.202478469132892e-05,tree,"depth=6,it=26",0.6551784009028562,0.6636475395195389,0.5709306378529104,0.5776146843400647,59.30399775505066
16,2,B_gender,2,0.5,0.00016015406367603235,3.202478469132892e-05,knn,k=15,1.0,1.0,0.5719762983617985,0.5537874744239837,1.3490030765533447
16,2,B_gender,2,0.5,0.00016015406367603235,3.202478469132892e-05,knn,k=50,1.0,1.0,0.5981178110840014,0.5722600302464194,1.4239985942840576
16,2,B_race,3,0.3333333333333333,0.00016015406367603235,3.202478469132892e-05,lr,wd=1e-05,0.3682666449352131,0.3824268642215558,0.35071707953063885,0.3367235331431881,0.23749852180480957
16,2,B_race,3,0.3333333333333333,0.00016015406367603235,3.202478469132892e-05,lr,wd=0.001,0.3682666449352131,0.3824268642215558,0.35071707953063885,0.3367235331431881,0.2350010871887207
16,2,B_race,3,0.3333333333333333,0.00016015406367603235,3.202478469132892e-05,lr,wd=0.1,0.36818515198435336,0.38239136924409506,0.35071707953063885,0.3367235331431881,0.22749805450439453
16,2,B_race,3,0.3333333333333333,0.00016015406367603235,3.202478469132892e-05,mlp,"h=256,seed=0",0.3337951267215386,0.4175686862027444,0.3109517601043025,0.3636366109966613,1.4590396881103516
16,2,B_race,3,0.3333333333333333,0.00016015406367603235,3.202478469132892e-05,mlp,"h=256,seed=1",0.3527829842718605,0.43232253339453064,0.32040417209908734,0.36983347125192406,1.4744598865509033
16,2,B_race,3,0.3333333333333333,0.00016015406367603235,3.202478469132892e-05,mlp,"h=1024,seed=0",0.3808165593676147,0.4166222121807566,0.35267275097783574,0.36461956368379167,2.800217390060425
16,2,B_race,3,0.3333333333333333,0.00016015406367603235,3.202478469132892e-05,mlp,"h=1024,seed=1",0.3627251242767501,0.4307448490609622,0.3272490221642764,0.3643705296840873,2.803497314453125
16,2,B_race,3,0.3333333333333333,0.00016015406367603235,3.202478469132892e-05,rff,gamma x0.5,0.3579985331268845,0.4181652798899626,0.3318122555410691,0.3711240470898711,0.422473669052124
16,2,B_race,3,0.3333333333333333,0.00016015406367603235,3.202478469132892e-05,rff,gamma x2.0,0.3663108141145791,0.4438959594477314,0.3409387222946545,0.3782174929697723,0.4605288505554199
16,2,B_race,3,0.3333333333333333,0.00016015406367603235,3.202478469132892e-05,tree,"depth=None,it=12",0.5681688533941814,0.675927908659948,0.439374185136897,0.3684252805533297,61.433496713638306
16,2,B_race,3,0.3333333333333333,0.00016015406367603235,3.202478469132892e-05,tree,"depth=6,it=14",0.5558634178143591,0.6677119508861843,0.42894393741851367,0.3648183181961593,61.013986110687256
16,2,B_race,3,0.3333333333333333,0.00016015406367603235,3.202478469132892e-05,knn,k=15,1.0,1.0,0.7623859191655802,0.33675307986886777,1.5355002880096436
16,2,B_race,3,0.3333333333333333,0.00016015406367603235,3.202478469132892e-05,knn,k=50,1.0,1.0,0.766297262059974,0.3333333333333333,1.5895001888275146
16,2,B_age,5,0.2,0.00016015406367603235,3.202478469132892e-05,lr,wd=1e-05,0.21131122157933338,0.3183616170881073,0.22164276401564537,0.31894672022017234,0.2409675121307373
16,2,B_age,5,0.2,0.00016015406367603235,3.202478469132892e-05,lr,wd=0.001,0.21139271453019315,0.31839224026985585,0.22164276401564537,0.31894672022017234,0.23350024223327637
16,2,B_age,5,0.2,0.00016015406367603235,3.202478469132892e-05,lr,wd=0.1,0.20927389780783962,0.31849844963714635,0.22099087353324642,0.31928841771389554,0.23399972915649414
16,2,B_age,5,0.2,0.00016015406367603235,3.202478469132892e-05,mlp,"h=256,seed=0",0.30763588949555865,0.3742242075085056,0.29595827900912647,0.3388555884102434,1.534001111984253
16,2,B_age,5,0.2,0.00016015406367603235,3.202478469132892e-05,mlp,"h=256,seed=1",0.28734414473148073,0.38496013479071856,0.2633637548891786,0.3259557380259263,1.52349853515625
16,2,B_age,5,0.2,0.00016015406367603235,3.202478469132892e-05,mlp,"h=1024,seed=0",0.34259636541439165,0.37534111205942927,0.32985658409387225,0.3395531693527491,2.80812668800354
16,2,B_age,5,0.2,0.00016015406367603235,3.202478469132892e-05,mlp,"h=1024,seed=1",0.2610219216037813,0.373687169587246,0.23468057366362452,0.3224503104096536,2.8147706985473633
16,2,B_age,5,0.2,0.00016015406367603235,3.202478469132892e-05,rff,gamma x0.5,0.25645831635563526,0.357484115150572,0.24967405475880053,0.3478561792744063,0.451005220413208
16,2,B_age,5,0.2,0.00016015406367603235,3.202478469132892e-05,rff,gamma x2.0,0.2897074403064135,0.38618819072486577,0.26401564537157757,0.3406900795686923,0.4379997253417969
16,2,B_age,5,0.2,0.00016015406367603235,3.202478469132892e-05,tree,"depth=None,it=19",0.5321489691141716,0.6448340413621908,0.33833116036505867,0.3191240604390555,63.97498559951782
16,2,B_age,5,0.2,0.00016015406367603235,3.202478469132892e-05,tree,"depth=6,it=19",0.4889577051585038,0.6106869209318905,0.33409387222946546,0.32743560178698267,62.99209141731262
16,2,B_age,5,0.2,0.00016015406367603235,3.202478469132892e-05,knn,k=15,1.0,1.0,0.5283572359843546,0.2581833128124803,1.5589985847473145
16,2,B_age,5,0.2,0.00016015406367603235,3.202478469132892e-05,knn,k=50,1.0,1.0,0.5541069100391134,0.25658667549921865,1.5645005702972412
