setting,encoder,permitted,D,k,seed,target,family,cfg,train_acc,train_bal,test_acc,test_bal,sec
A=race,clip,race,768,2,0,A_kept,lr,wd=1e-05,0.8955260369977996,0.8572372049121292,0.8859191655801826,0.8365651226505997,4.576997756958008
A=race,clip,race,768,2,0,A_kept,lr,wd=0.001,0.8955260369977996,0.8572372049121292,0.8859191655801826,0.8365651226505997,0.4994995594024658
A=race,clip,race,768,2,0,A_kept,lr,wd=0.1,0.8949555863417814,0.8571587551695506,0.8852672750977836,0.8375642731605967,0.458500862121582
A=race,clip,race,768,2,0,A_kept,mlp,"h=256,seed=0",0.8710781517398745,0.8668513061229319,0.8582138200782269,0.8402587305644285,2.562998056411743
A=race,clip,race,768,2,0,A_kept,mlp,"h=256,seed=1",0.8630103496047592,0.8656664539741928,0.8500651890482399,0.8421976144776804,1.9169998168945312
A=race,clip,race,768,2,0,A_kept,mlp,"h=1024,seed=0",0.8755602640371608,0.8661031765044355,0.8598435462842242,0.8373055182091115,2.866501808166504
A=race,clip,race,768,2,0,A_kept,mlp,"h=1024,seed=1",0.8599951104229484,0.8647073223087203,0.8494132985658409,0.842824719361993,2.86099910736084
A=race,clip,race,768,2,0,A_kept,rff,gamma x0.5,0.8684703773123624,0.8655142791848708,0.8520208604954368,0.8401205560601192,2.1679587364196777
A=race,clip,race,768,2,0,A_kept,rff,gamma x2.0,0.8710781517398745,0.8669589761032319,0.8543024771838331,0.8258967299523584,0.4160079956054687
A=race,clip,race,768,2,0,A_kept,tree,"depth=None,it=32",0.9093798386439572,0.928590064955686,0.8657105606258149,0.8297721832665336,78.89206027984619
A=race,clip,race,768,2,0,A_kept,tree,"depth=6,it=35",0.8989487409339092,0.9099555302698692,0.8666883963494133,0.8296394657425118,73.42250156402588
A=race,clip,race,768,2,0,A_kept,knn,k=15,1.0,1.0,0.8940677966101694,0.7921396918308501,1.8784992694854736
A=race,clip,race,768,2,0,A_kept,knn,k=50,1.0,1.0,0.8976531942633638,0.7962647474233663,1.737999677658081
A=race,clip,race,768,2,0,B_emotion,lr,wd=1e-05,0.1144975959579496,0.17335162747055,0.1153846153846153,0.1795280011379995,0.3644976615905761
A=race,clip,race,768,2,0,B_emotion,lr,wd=0.001,0.1144975959579496,0.17335162747055,0.1153846153846153,0.1795280011379995,0.309497594833374
A=race,clip,race,768,2,0,B_emotion,lr,wd=0.1,0.1144161030070898,0.1729351313357861,0.1163624511082138,0.1815017536019481,0.3620040416717529
A=race,clip,race,768,2,0,B_emotion,mlp,"h=256,seed=0",0.162741422866922,0.1920019950940983,0.1515645371577575,0.1791995572064312,2.224495410919189
A=race,clip,race,768,2,0,B_emotion,mlp,"h=256,seed=1",0.161111563849727,0.1912552730649801,0.1499348109517601,0.1752392687773891,2.2724995613098145
A=race,clip,race,768,2,0,B_emotion,mlp,"h=1024,seed=0",0.1814033086138049,0.1906859170856456,0.1701434159061277,0.1829289323351104,5.442096471786499
A=race,clip,race,768,2,0,B_emotion,mlp,"h=1024,seed=1",0.1591557330290929,0.1908178839466501,0.1489569752281616,0.1776565131484997,5.571970224380493
A=race,clip,race,768,2,0,B_emotion,rff,gamma x0.5,0.1739874500855676,0.2059398289024543,0.1597131681877444,0.1833054372735206,1.136998414993286
A=race,clip,race,768,2,0,B_emotion,rff,gamma x2.0,0.1772471681199576,0.2257914182979131,0.1499348109517601,0.1658479887272401,0.4581301212310791
A=race,clip,race,768,2,0,B_emotion,tree,"depth=None,it=10",0.3416184500040746,0.4689257594186299,0.1776401564537157,0.169043447654843,75.38599872589111
A=race,clip,race,768,2,0,B_emotion,tree,"depth=6,it=17",0.3386032108222638,0.4486895595653811,0.1734028683181225,0.1758359657565079,76.47800040245056
A=race,clip,race,768,2,0,B_emotion,knn,k=15,1.0,1.0,0.3191003911342894,0.1524728559274517,1.6770005226135254
A=race,clip,race,768,2,0,B_emotion,knn,k=50,1.0,1.0,0.3526727509778357,0.15142730221112,1.8254992961883545
A=race,clip,race,768,2,0,B_gender,lr,wd=1e-05,0.561854327632607,0.5403876415503104,0.5458347856395956,0.5263304470737084,0.500497579574585
A=race,clip,race,768,2,0,B_gender,lr,wd=0.001,0.561854327632607,0.5403876415503104,0.5458347856395956,0.5263304470737084,0.2584998607635498
A=race,clip,race,768,2,0,B_gender,lr,wd=0.1,0.561854327632607,0.5403876415503104,0.5458347856395956,0.5263304470737084,0.2620007991790771
A=race,clip,race,768,2,0,B_gender,mlp,"h=256,seed=0",0.5576004861533119,0.5463251257369304,0.5364238410596026,0.5270732635491109,1.6799983978271484
A=race,clip,race,768,2,0,B_gender,mlp,"h=256,seed=1",0.5500477472002778,0.5502306424706914,0.5231788079470199,0.5239626268916369,1.5894992351531982
A=race,clip,race,768,2,0,B_gender,mlp,"h=1024,seed=0",0.563764215643719,0.547170893702913,0.5392122690833043,0.5251418418685566,2.6450002193450928
A=race,clip,race,768,2,0,B_gender,mlp,"h=1024,seed=1",0.5497873079260353,0.5495086300551091,0.5203903799233183,0.5203016734375154,2.6500024795532227
A=race,clip,race,768,2,0,B_gender,rff,gamma x0.5,0.5561246635992708,0.5520610748320961,0.5454862321366329,0.542890608783323,1.4598987102508545
A=race,clip,race,768,2,0,B_gender,rff,gamma x2.0,0.5668894869346297,0.5586968994000645,0.5413035901010805,0.5341445996303216,0.4089879989624023
A=race,clip,race,768,2,0,B_gender,tree,"depth=None,it=16",0.6366003993402205,0.6358694372333553,0.5350296270477518,0.531706105625241,75.80000019073486
A=race,clip,race,768,2,0,B_gender,tree,"depth=6,it=18",0.6334751280493098,0.6314487309545418,0.5284071104914604,0.5243750556000356,74.17350101470947
A=race,clip,race,768,2,0,B_gender,knn,k=15,1.0,1.0,0.5416521436040432,0.5194180035386333,1.6749999523162842
A=race,clip,race,768,2,0,B_gender,knn,k=50,1.0,1.0,0.5531544092018125,0.5220855696903202,1.683500051498413
A=race,clip,race,768,2,0,B_age,lr,wd=1e-05,0.2560508516013365,0.2632765475853545,0.242503259452412,0.2403929569235011,0.4194996356964111
A=race,clip,race,768,2,0,B_age,lr,wd=0.001,0.2560508516013365,0.2632765475853545,0.242503259452412,0.2403929569235011,0.2719998359680176
A=race,clip,race,768,2,0,B_age,lr,wd=0.1,0.2558063727487572,0.2632582215250268,0.241199478487614,0.2393292377691281,0.2684986591339111
A=race,clip,race,768,2,0,B_age,mlp,"h=256,seed=0",0.1939532230462065,0.297254329949705,0.1897001303780965,0.2856189630779195,2.008500337600708
A=race,clip,race,768,2,0,B_age,mlp,"h=256,seed=1",0.1825442099258414,0.3032368303110642,0.1747066492829204,0.2801122267684685,2.1475017070770264
A=race,clip,race,768,2,0,B_age,mlp,"h=1024,seed=0",0.1875152799282862,0.3001709872332671,0.1825293350717079,0.2904390014260825,3.688500165939331
A=race,clip,race,768,2,0,B_age,mlp,"h=1024,seed=1",0.1884117023877434,0.3016924599976385,0.1792698826597131,0.2920583392960769,4.227500915527344
A=race,clip,race,768,2,0,B_age,rff,gamma x0.5,0.2272838399478445,0.3008980834363466,0.2174054758800521,0.2870511680925312,1.3775012493133545
A=race,clip,race,768,2,0,B_age,rff,gamma x2.0,0.2334773042131855,0.3221086591931391,0.2092568448500651,0.2809006830169173,0.4720008373260498
A=race,clip,race,768,2,0,B_age,tree,"depth=None,it=15",0.4074647542987532,0.5388877063876978,0.2659713168187744,0.2790987721912337,77.5135006904602
A=race,clip,race,768,2,0,B_age,tree,"depth=6,it=18",0.3610137723086953,0.4891526551397248,0.2408735332464146,0.2665092442784463,79.03099870681763
A=race,clip,race,768,2,0,B_age,knn,k=15,1.0,1.0,0.4970664928292047,0.2310571842019716,1.722001075744629
A=race,clip,race,768,2,0,B_age,knn,k=50,1.0,1.0,0.5365058670143416,0.2320040977411461,1.978499412536621
A=race,clip,race,768,2,1,A_kept,lr,wd=1e-05,0.8955260369977996,0.8572372049121292,0.886245110821382,0.8367069062887679,0.3934977054595947
A=race,clip,race,768,2,1,A_kept,lr,wd=0.001,0.8955260369977996,0.8572372049121292,0.886245110821382,0.8367069062887679,0.2529997825622558
A=race,clip,race,768,2,1,A_kept,lr,wd=0.1,0.8951185722435009,0.8573685876644449,0.8852672750977836,0.8375642731605967,0.2520012855529785
A=race,clip,race,768,2,1,A_kept,mlp,"h=256,seed=0",0.8630103496047592,0.8656664539741928,0.8500651890482399,0.8421976144776804,1.6314990520477295
A=race,clip,race,768,2,1,A_kept,mlp,"h=256,seed=1",0.868959335017521,0.8646448133324118,0.8546284224250326,0.8311791056876405,1.8834996223449707
A=race,clip,race,768,2,1,A_kept,mlp,"h=1024,seed=0",0.8599951104229484,0.8647073223087203,0.8494132985658409,0.842824719361993,2.8025007247924805
A=race,clip,race,768,2,1,A_kept,mlp,"h=1024,seed=1",0.868633363214082,0.8647493459428421,0.8565840938722294,0.8362402855495527,2.799499273300171
A=race,clip,race,768,2,1,A_kept,rff,gamma x0.5,0.8691223209192405,0.8643786410451525,0.85625814863103,0.8448915036028753,1.4895002841949463
A=race,clip,race,768,2,1,A_kept,rff,gamma x2.0,0.872870996658789,0.8670768254671749,0.8569100391134289,0.8303308049299579,0.6975018978118896
A=race,clip,race,768,2,1,A_kept,tree,"depth=None,it=25",0.9074240078233232,0.9257178925163796,0.8634289439374185,0.8251175672531987,78.05399942398071
A=race,clip,race,768,2,1,A_kept,tree,"depth=6,it=31",0.8997636704425067,0.9079813294246072,0.8650586701434159,0.831133658450434,79.63250041007996
A=race,clip,race,768,2,1,A_kept,knn,k=15,1.0,1.0,0.8940677966101694,0.7921396918308501,1.8255016803741453
A=race,clip,race,768,2,1,A_kept,knn,k=50,1.0,1.0,0.8976531942633638,0.7962647474233663,1.773998498916626
A=race,clip,race,768,2,1,B_emotion,lr,wd=1e-05,0.0999103577540542,0.1682241439900248,0.0964797913950456,0.1687510594648183,0.2924947738647461
A=race,clip,race,768,2,1,B_emotion,lr,wd=0.001,0.0994214000488957,0.1679944887814391,0.0990873533246414,0.1727132088947407,0.2545006275177002
A=race,clip,race,768,2,1,B_emotion,lr,wd=0.1,0.1137641594002118,0.1722649712107656,0.1170143415906127,0.1820871852590505,0.2470006942749023
A=race,clip,race,768,2,1,B_emotion,mlp,"h=256,seed=0",0.161111563849727,0.1912552730649801,0.1499348109517601,0.1752392687773891,1.7079994678497314
A=race,clip,race,768,2,1,B_emotion,mlp,"h=256,seed=1",0.1573628881101784,0.1884993576171207,0.1544980443285528,0.1793263469068834,1.8565003871917725
A=race,clip,race,768,2,1,B_emotion,mlp,"h=1024,seed=0",0.1591557330290929,0.1908178839466501,0.1489569752281616,0.1776565131484997,2.8869991302490234
A=race,clip,race,768,2,1,B_emotion,mlp,"h=1024,seed=1",0.1561404938472822,0.1897385504353273,0.1509126466753585,0.177836943775352,2.892000198364258
A=race,clip,race,768,2,1,B_emotion,rff,gamma x0.5,0.1765137315622198,0.203400219113985,0.1649282920469361,0.1835004070831811,1.4303958415985107
A=race,clip,race,768,2,1,B_emotion,rff,gamma x2.0,0.1726835628718115,0.2186303300778797,0.1450456323337679,0.1694499427779479,0.443000316619873
A=race,clip,race,768,2,1,B_emotion,tree,"depth=None,it=11",0.3452041398419037,0.4664211610920506,0.1707953063885267,0.1762473402106261,72.56992602348328
A=race,clip,race,768,2,1,B_emotion,tree,"depth=6,it=11",0.3059245375275038,0.4036333503180143,0.1707953063885267,0.1818220209441155,70.99949955940247
A=race,clip,race,768,2,1,B_emotion,knn,k=15,1.0,1.0,0.3191003911342894,0.1524728559274517,1.7610023021697998
A=race,clip,race,768,2,1,B_emotion,knn,k=50,1.0,1.0,0.3526727509778357,0.15142730221112,1.7999978065490725
A=race,clip,race,768,2,1,B_gender,lr,wd=1e-05,0.561854327632607,0.5403876415503104,0.5458347856395956,0.5263304470737084,0.3014919757843017
A=race,clip,race,768,2,1,B_gender,lr,wd=0.001,0.561854327632607,0.5403876415503104,0.5458347856395956,0.5263304470737084,0.306499719619751
A=race,clip,race,768,2,1,B_gender,lr,wd=0.1,0.561854327632607,0.5403876415503104,0.5458347856395956,0.5263304470737084,0.3185005187988281
A=race,clip,race,768,2,1,B_gender,mlp,"h=256,seed=0",0.5500477472002778,0.5502306424706914,0.5231788079470199,0.5239626268916369,2.40877628326416
A=race,clip,race,768,2,1,B_gender,mlp,"h=256,seed=1",0.5550829065023005,0.5469772902800721,0.5294527710003486,0.5223672765372792,2.385483264923096
A=race,clip,race,768,2,1,B_gender,mlp,"h=1024,seed=0",0.5497873079260353,0.5495086300551091,0.5203903799233183,0.5203016734375154,5.018519401550293
A=race,clip,race,768,2,1,B_gender,mlp,"h=1024,seed=1",0.5655004774720028,0.5450928272691012,0.5454862321366329,0.5278553707163262,2.682501792907715
A=race,clip,race,768,2,1,B_gender,rff,gamma x0.5,0.5556905981421999,0.5519761475664196,0.5409550365981178,0.5388782631043105,1.5358328819274902
A=race,clip,race,768,2,1,B_gender,rff,gamma x2.0,0.5627224585467488,0.5556069149885603,0.5542000697107006,0.5486814142672163,0.4184997081756592
A=race,clip,race,768,2,1,B_gender,tree,"depth=None,it=14",0.6325201840437538,0.6281434540031162,0.5332868595329383,0.5273208690409117,71.61503744125366
A=race,clip,race,768,2,1,B_gender,tree,"depth=6,it=14",0.6163729490407154,0.6129840984800894,0.5270128964796096,0.5226820962943194,70.13200092315674
A=race,clip,race,768,2,1,B_gender,knn,k=15,1.0,1.0,0.5416521436040432,0.5194180035386333,1.592503309249878
A=race,clip,race,768,2,1,B_gender,knn,k=50,1.0,1.0,0.5531544092018125,0.5220855696903202,1.6104977130889893
A=race,clip,race,768,2,1,B_age,lr,wd=1e-05,0.2600440061934642,0.2518007394750854,0.258148631029987,0.2473184774486075,0.4229989051818847
A=race,clip,race,768,2,1,B_age,lr,wd=0.001,0.2610219216037813,0.2512496002466964,0.2594524119947848,0.2501161944855569,0.27349853515625
A=race,clip,race,768,2,1,B_age,lr,wd=0.1,0.2681118083285795,0.262259820265682,0.256844850065189,0.2494865452719266,0.2599999904632568
A=race,clip,race,768,2,1,B_age,mlp,"h=256,seed=0",0.1825442099258414,0.3032368303110642,0.1747066492829204,0.2801122267684685,1.9155001640319824
A=race,clip,race,768,2,1,B_age,mlp,"h=256,seed=1",0.2221497840436802,0.2979208698103721,0.2164276401564537,0.2875358909205749,1.9195005893707275
A=race,clip,race,768,2,1,B_age,mlp,"h=1024,seed=0",0.1884117023877434,0.3016924599976385,0.1792698826597131,0.2920583392960769,2.8000004291534424
A=race,clip,race,768,2,1,B_age,mlp,"h=1024,seed=1",0.2305435579822345,0.300418074738661,0.2196870925684485,0.2826406783794289,2.806694746017456
A=race,clip,race,768,2,1,B_age,rff,gamma x0.5,0.2345367125743623,0.3037382872507486,0.2249022164276401,0.288199418718521,1.1364989280700684
A=race,clip,race,768,2,1,B_age,rff,gamma x2.0,0.232336402901149,0.3165779341093045,0.2115384615384615,0.2840305122007863,0.4895000457763672
A=race,clip,race,768,2,1,B_age,tree,"depth=None,it=17",0.4266155977507945,0.5561146213916099,0.2728161668839635,0.2810842041920133,77.67500042915344
A=race,clip,race,768,2,1,B_age,tree,"depth=6,it=17",0.3697335180506886,0.492201085339051,0.2480443285528031,0.2664255696324447,77.53399968147278
A=race,clip,race,768,2,1,B_age,knn,k=15,1.0,1.0,0.4970664928292047,0.2310571842019716,1.8155007362365725
A=race,clip,race,768,2,1,B_age,knn,k=50,1.0,1.0,0.5365058670143416,0.2320040977411461,1.8189988136291504
A=race,clip,race,768,2,2,A_kept,lr,wd=1e-05,0.8955260369977996,0.8572372049121292,0.8859191655801826,0.8365651226505997,0.41700029373168945
A=race,clip,race,768,2,2,A_kept,lr,wd=0.001,0.8955260369977996,0.8572372049121292,0.8859191655801826,0.8365651226505997,0.2490382194519043
A=race,clip,race,768,2,2,A_kept,lr,wd=0.1,0.8947926004400619,0.8568100801346832,0.8852672750977836,0.8375642731605967,0.25196146965026855
A=race,clip,race,768,2,2,A_kept,mlp,"h=256,seed=0",0.868959335017521,0.8646448133324118,0.8546284224250326,0.8311791056876405,1.7614991664886475
A=race,clip,race,768,2,2,A_kept,mlp,"h=256,seed=1",0.867981419607204,0.8662732070999181,0.85625814863103,0.8397703534093229,1.6715357303619385
A=race,clip,race,768,2,2,A_kept,mlp,"h=1024,seed=0",0.868633363214082,0.8647493459428421,0.8565840938722294,0.8362402855495527,2.804464817047119
A=race,clip,race,768,2,2,A_kept,mlp,"h=1024,seed=1",0.874826827479423,0.8661067316481894,0.8617992177314211,0.8398012624983572,2.8000006675720215
A=race,clip,race,768,2,2,A_kept,rff,gamma x0.5,0.8684703773123624,0.864171178646094,0.8539765319426337,0.842616300349365,1.3934638500213623
A=race,clip,race,768,2,2,A_kept,rff,gamma x2.0,0.873522940265667,0.8670519276472413,0.8575619295958279,0.8311627196930398,0.43249940872192383
A=race,clip,race,768,2,2,A_kept,tree,"depth=None,it=30",0.9097058104473963,0.9277459947844365,0.8621251629726207,0.8227193674274473,75.35910224914551
A=race,clip,race,768,2,2,A_kept,tree,"depth=6,it=31",0.8989487409339092,0.9122110514262228,0.8604954367666232,0.8284143172164921,76.96650004386902
A=race,clip,race,768,2,2,A_kept,knn,k=15,1.0,1.0,0.8940677966101694,0.7921396918308501,1.7575011253356934
A=race,clip,race,768,2,2,A_kept,knn,k=50,1.0,1.0,0.8976531942633638,0.7962647474233663,1.7770006656646729
A=race,clip,race,768,2,2,B_emotion,lr,wd=1e-05,0.11449759595794964,0.17335162747055005,0.11538461538461539,0.17952800113799955,0.48399853706359863
A=race,clip,race,768,2,2,B_emotion,lr,wd=0.001,0.11449759595794964,0.17335162747055005,0.11538461538461539,0.17952800113799955,0.2695019245147705
A=race,clip,race,768,2,2,B_emotion,lr,wd=0.1,0.11449759595794964,0.17257089746070192,0.11571056062581486,0.18117111501740032,0.26999783515930176
A=race,clip,race,768,2,2,B_emotion,mlp,"h=256,seed=0",0.15736288811017846,0.18849935761712078,0.1544980443285528,0.17932634690688345,1.9200022220611572
A=race,clip,race,768,2,2,B_emotion,mlp,"h=256,seed=1",0.15768885991361747,0.1880184255887067,0.1544980443285528,0.18312196250635568,1.9150002002716064
A=race,clip,race,768,2,2,B_emotion,mlp,"h=1024,seed=0",0.1561404938472822,0.1897385504353273,0.15091264667535853,0.177836943775352,2.8024983406066895
A=race,clip,race,768,2,2,B_emotion,mlp,"h=1024,seed=1",0.15573302909298345,0.1881872314365228,0.15189048239895697,0.18044945340762683,2.8024990558624268
A=race,clip,race,768,2,2,B_emotion,rff,gamma x0.5,0.17007578844429957,0.20290354900190463,0.1590612777053455,0.18666856440101598,1.2220008373260498
A=race,clip,race,768,2,2,B_emotion,rff,gamma x2.0,0.18254420992584142,0.22396590038101188,0.15677966101694915,0.16911496636614523,0.537999153137207
A=race,clip,race,768,2,2,B_emotion,tree,"depth=None,it=12",0.3608507864069758,0.4849222912100058,0.18285528031290743,0.1774474780370317,82.32100224494934
A=race,clip,race,768,2,2,B_emotion,tree,"depth=6,it=17",0.3405590416428979,0.4530088077195497,0.17014341590612778,0.17188477850937334,82.91899871826172
A=race,clip,race,768,2,2,B_emotion,knn,k=15,1.0,1.0,0.31910039113428945,0.15247285592745174,1.8270378112792969
A=race,clip,race,768,2,2,B_emotion,knn,k=50,1.0,1.0,0.35267275097783574,0.15142730221112002,2.0194637775421143
A=race,clip,race,768,2,2,B_gender,lr,wd=1e-05,0.561854327632607,0.5403876415503104,0.5458347856395956,0.5263304470737084,0.4349935054779053
A=race,clip,race,768,2,2,B_gender,lr,wd=0.001,0.561854327632607,0.5403876415503104,0.5458347856395956,0.5263304470737084,0.29700207710266113
A=race,clip,race,768,2,2,B_gender,lr,wd=0.1,0.561854327632607,0.5403876415503104,0.5458347856395956,0.5263304470737084,0.3084986209869385
A=race,clip,race,768,2,2,B_gender,mlp,"h=256,seed=0",0.5550829065023005,0.5469772902800721,0.5294527710003486,0.5223672765372792,2.0519988536834717
A=race,clip,race,768,2,2,B_gender,mlp,"h=256,seed=1",0.5589026825245247,0.5468759616763907,0.5315440920181248,0.5217438148049304,2.0789990425109863
A=race,clip,race,768,2,2,B_gender,mlp,"h=1024,seed=0",0.5655004774720028,0.5450928272691012,0.5454862321366329,0.5278553707163262,3.0560011863708496
A=race,clip,race,768,2,2,B_gender,mlp,"h=1024,seed=1",0.5592499348901815,0.547328773874092,0.5294527710003486,0.5199836412339749,3.071000337600708
A=race,clip,race,768,2,2,B_gender,rff,gamma x0.5,0.5542147755881587,0.5507301531359265,0.5433949111188567,0.5416805048977453,1.0192139148712158
A=race,clip,race,768,2,2,B_gender,rff,gamma x2.0,0.5681916833058426,0.5580141764127301,0.5388637155803416,0.5307006098706125,0.42276430130004883
A=race,clip,race,768,2,2,B_gender,tree,"depth=None,it=22",0.6530080736175016,0.6510600121729593,0.5287556639944232,0.524316984451759,73.64493346214294
A=race,clip,race,768,2,2,B_gender,tree,"depth=6,it=18",0.633996006597795,0.6261821952239427,0.5381666085744162,0.5288915082683431,74.22150039672852
A=race,clip,race,768,2,2,B_gender,knn,k=15,1.0,1.0,0.5416521436040432,0.5194180035386333,1.6909987926483154
A=race,clip,race,768,2,2,B_gender,knn,k=50,1.0,1.0,0.5531544092018125,0.5220855696903202,1.873999834060669
A=race,clip,race,768,2,2,B_age,lr,wd=1e-05,0.2562953304539157,0.2634299173942686,0.24152542372881355,0.23944957471256978,0.32599973678588867
A=race,clip,race,768,2,2,B_age,lr,wd=0.001,0.25613234455219624,0.26336867103077133,0.24152542372881355,0.23944957471256978,0.3469998836517334
A=race,clip,race,768,2,2,B_age,lr,wd=0.1,0.2557248797978975,0.2631540548583602,0.24185136897001303,0.24015228303661784,0.31800270080566406
A=race,clip,race,768,2,2,B_age,mlp,"h=256,seed=0",0.22214978404368022,0.2979208698103721,0.21642764015645372,0.2875358909205749,2.508497476577759
A=race,clip,race,768,2,2,B_age,mlp,"h=256,seed=1",0.21677124928693667,0.29549474226994576,0.20110821382007824,0.2735388369162527,2.4405064582824707
A=race,clip,race,768,2,2,B_age,mlp,"h=1024,seed=0",0.23054355798223453,0.300418074738661,0.2196870925684485,0.28264067837942897,5.694109916687012
A=race,clip,race,768,2,2,B_age,mlp,"h=1024,seed=1",0.22198679814196073,0.29370951300896664,0.20958279009126468,0.2830942396875756,3.0485024452209473
A=race,clip,race,768,2,2,B_age,rff,gamma x0.5,0.23046206503137479,0.30417532244107415,0.21773142112125163,0.2873094365532474,1.3066682815551758
A=race,clip,race,768,2,2,B_age,rff,gamma x2.0,0.2401597261836851,0.31712113952242105,0.21316818774445892,0.2781804537971576,0.45848631858825684
A=race,clip,race,768,2,2,B_age,tree,"depth=None,it=21",0.44837421563034796,0.5845722168423011,0.27020860495436766,0.2736985682254658,102.02690267562866
A=race,clip,race,768,2,2,B_age,tree,"depth=6,it=21",0.387906446092413,0.504221124226547,0.26434159061277707,0.28666857914370814,98.5642364025116
A=race,clip,race,768,2,2,B_age,knn,k=15,1.0,1.0,0.4970664928292047,0.23105718420197166,2.032540798187256
A=race,clip,race,768,2,2,B_age,knn,k=50,1.0,1.0,0.5365058670143416,0.2320040977411461,2.2020351886749268
A=age,clip,age,768,2,0,A_kept,lr,wd=1e-05,0.8246569127821254,0.8219876745876956,0.7998224589436307,0.7850042251793541,2.47894549369812
A=age,clip,age,768,2,0,A_kept,lr,wd=0.001,0.8246569127821254,0.8219876745876956,0.7998224589436307,0.7850042251793541,0.2650012969970703
A=age,clip,age,768,2,0,A_kept,lr,wd=0.1,0.8239764092094817,0.8226637234212119,0.7980470483799379,0.7801937730583187,0.21500205993652344
A=age,clip,age,768,2,0,A_kept,mlp,"h=256,seed=0",0.8031076329817398,0.8270228426135798,0.7705281846426987,0.7722306104525413,1.483997106552124
A=age,clip,age,768,2,0,A_kept,mlp,"h=256,seed=1",0.8124078484745378,0.8245550801013745,0.7811806480248558,0.7787601066144703,1.4895780086517334
A=age,clip,age,768,2,0,A_kept,mlp,"h=1024,seed=0",0.7993648633321991,0.8251921832132251,0.7669773635153129,0.7812854460639663,2.165745258331299
A=age,clip,age,768,2,0,A_kept,mlp,"h=1024,seed=1",0.8004990359532721,0.8255799971008382,0.7678650687971593,0.7781418124291145,2.158662796020508
A=age,clip,age,768,2,0,A_kept,rff,gamma x0.5,0.8032210502438472,0.8248624741460023,0.775410563692854,0.7816891369427665,0.6122832298278809
A=age,clip,age,768,2,0,A_kept,rff,gamma x2.0,0.800045366904843,0.8244173738341646,0.7723035952063915,0.7753501020009885,0.3269987106323242
A=age,clip,age,768,2,0,A_kept,tree,"depth=None,it=29",0.8549393217647726,0.8984214223066451,0.7802929427430093,0.7615620976749132,68.27857995033264
A=age,clip,age,768,2,0,A_kept,tree,"depth=6,it=31",0.8322558693433141,0.878411298772228,0.7731913004882379,0.7742231002076867,60.4840943813324
A=age,clip,age,768,2,0,A_kept,knn,k=15,1.0,1.0,0.8286728806036396,0.7198180690435659,0.8890018463134766
A=age,clip,age,768,2,0,A_kept,knn,k=50,1.0,1.0,0.831779849090102,0.7172137942189606,0.9300851821899414
A=age,clip,age,768,2,0,Aprime_heldout,lr,wd=1e-05,0.6910828025477707,0.6956004054006023,0.6760736196319018,0.678809086019488,0.34800004959106445
A=age,clip,age,768,2,0,Aprime_heldout,lr,wd=0.001,0.6936884771279676,0.6979919889222095,0.6858895705521473,0.688512389458016,0.20099997520446777
A=age,clip,age,768,2,0,Aprime_heldout,lr,wd=0.1,0.69166184134337,0.6966986346271424,0.6687116564417178,0.6716543460042278,0.19299864768981934
A=age,clip,age,768,2,0,Aprime_heldout,mlp,"h=256,seed=0",0.7101910828025477,0.7052216688991464,0.7079754601226994,0.702121405431098,0.542609453201294
A=age,clip,age,768,2,0,Aprime_heldout,mlp,"h=256,seed=1",0.7127967573827446,0.7061786254219782,0.7104294478527607,0.7036880683452787,0.5803980827331543
A=age,clip,age,768,2,0,Aprime_heldout,mlp,"h=1024,seed=0",0.7107701215981471,0.7060010921259585,0.7104294478527607,0.7051609191089097,0.8096611499786377
A=age,clip,age,768,2,0,Aprime_heldout,mlp,"h=1024,seed=1",0.7122177185871453,0.7061962171944857,0.7067484662576687,0.7006016485921923,0.8092050552368164
A=age,clip,age,768,2,0,Aprime_heldout,rff,gamma x0.5,0.7090330052113492,0.7101983454399433,0.6969325153374233,0.6948259471900133,0.5059964656829834
A=age,clip,age,768,2,0,Aprime_heldout,rff,gamma x2.0,0.7165605095541401,0.7098102493974818,0.7079754601226994,0.7011395049220108,0.25499415397644043
A=age,clip,age,768,2,0,Aprime_heldout,tree,"depth=None,it=23",0.7877822814128547,0.7876667673107529,0.6748466257668712,0.6664884235806221,53.913044452667236
A=age,clip,age,768,2,0,Aprime_heldout,tree,"depth=6,it=28",0.773306311522872,0.7702534256386802,0.6858895705521473,0.6752567325853378,54.09465456008911
A=age,clip,age,768,2,0,Aprime_heldout,knn,k=15,1.0,1.0,0.6748466257668712,0.6448866123807022,0.18400192260742188
A=age,clip,age,768,2,0,Aprime_heldout,knn,k=50,1.0,1.0,0.6969325153374233,0.6673327329355698,0.229996919631958
A=age,clip,age,768,2,0,B_emotion,lr,wd=1e-05,0.2752016950533779,0.18286530874267642,0.2754237288135593,0.1695163829412282,0.3657035827636719
A=age,clip,age,768,2,0,B_emotion,lr,wd=0.001,0.28995191915899277,0.19513320977030674,0.2842242503259452,0.1836263788400087,0.22799277305603027
A=age,clip,age,768,2,0,B_emotion,lr,wd=0.1,0.11629044087686415,0.17120528120235853,0.11473272490221642,0.1681775719998948,0.2299973964691162
A=age,clip,age,768,2,0,B_emotion,mlp,"h=256,seed=0",0.2461087115964469,0.20951674731728986,0.23435462842242502,0.18808810964828604,1.6010022163391113
A=age,clip,age,768,2,0,B_emotion,mlp,"h=256,seed=1",0.2319289381468503,0.21857942566432714,0.22294654498044328,0.20288779509432983,1.5668330192565918
A=age,clip,age,768,2,0,B_emotion,mlp,"h=1024,seed=0",0.2560508516013365,0.21186494962336616,0.24282920469361147,0.18557365386106528,2.8490536212921143
A=age,clip,age,768,2,0,B_emotion,mlp,"h=1024,seed=1",0.226468910439247,0.21301793088033913,0.21349413298565842,0.19669635746394093,2.855121374130249
A=age,clip,age,768,2,0,B_emotion,rff,gamma x0.5,0.2395077825768071,0.2200798137785985,0.2226205997392438,0.1937141716828874,0.7049679756164551
A=age,clip,age,768,2,0,B_emotion,rff,gamma x2.0,0.2378779235596121,0.23291832715976774,0.20958279009126468,0.18480687621868566,0.41970205307006836
A=age,clip,age,768,2,0,B_emotion,tree,"depth=None,it=11",0.41015402167712495,0.48202983423259216,0.23891786179921773,0.18205720610610232,66.06811571121216
A=age,clip,age,768,2,0,B_emotion,tree,"depth=6,it=13",0.3887213756010105,0.4405494375921126,0.24282920469361147,0.18283625327474345,64.30087351799011
A=age,clip,age,768,2,0,B_emotion,knn,k=15,1.0,1.0,0.3624511082138201,0.17565684683274083,1.4943351745605469
A=age,clip,age,768,2,0,B_emotion,knn,k=50,1.0,1.0,0.39308996088657105,0.17703432207904415,1.6351587772369385
A=age,clip,age,768,2,0,B_gender,lr,wd=1e-05,0.6071707613508117,0.5931638116451283,0.6057859881491809,0.5942687483319989,0.4359750747680664
A=age,clip,age,768,2,0,B_gender,lr,wd=0.001,0.6071707613508117,0.5931638116451283,0.6057859881491809,0.5942687483319989,0.21699833869934082
A=age,clip,age,768,2,0,B_gender,lr,wd=0.1,0.6071707613508117,0.5931638116451283,0.6057859881491809,0.5942687483319989,0.220001220703125
A=age,clip,age,768,2,0,B_gender,mlp,"h=256,seed=0",0.6136817432068756,0.5967814825911864,0.6036946671314046,0.5892081566487759,1.5766971111297607
A=age,clip,age,768,2,0,B_gender,mlp,"h=256,seed=1",0.6136817432068756,0.5991499157306324,0.6047403276402927,0.5928844310015914,1.5520222187042236
A=age,clip,age,768,2,0,B_gender,mlp,"h=1024,seed=0",0.6181960239604132,0.6012617839847559,0.6064830951551063,0.5925940752602081,2.6949851512908936
A=age,clip,age,768,2,0,B_gender,mlp,"h=1024,seed=1",0.6188037156003126,0.6023625950624318,0.6061345416521436,0.5926521464084848,2.700596570968628
A=age,clip,age,768,2,0,B_gender,rff,gamma x0.5,0.6096015279104089,0.6009223362367135,0.6026490066225165,0.5955248149136594,0.7158093452453613
A=age,clip,age,768,2,0,B_gender,rff,gamma x2.0,0.6130740515669763,0.6043649263581461,0.594980829557337,0.5876345520861134,0.4029965400695801
A=age,clip,age,768,2,0,B_gender,tree,"depth=None,it=25",0.6813091414185259,0.6746911122332953,0.5806901359358662,0.5741551265703921,61.16101264953613
A=age,clip,age,768,2,0,B_gender,tree,"depth=6,it=25",0.6694157478947825,0.6629693203672892,0.585569884977344,0.5794845753145726,61.26664590835571
A=age,clip,age,768,2,0,B_gender,knn,k=15,1.0,1.0,0.5695364238410596,0.5531855113720606,1.3990087509155273
A=age,clip,age,768,2,0,B_gender,knn,k=50,1.0,1.0,0.6029975601254792,0.5809815753837638,1.5792603492736816
A=age,clip,age,768,2,0,B_race,lr,wd=1e-05,0.20943688370955912,0.3939913537799255,0.20730117340286833,0.3866805957405702,0.3769843578338623
A=age,clip,age,768,2,0,B_race,lr,wd=0.001,0.19672398337543803,0.3986236832308762,0.1939374185136897,0.39184413726236816,0.22800374031066895
A=age,clip,age,768,2,0,B_race,lr,wd=0.1,0.1891451389454812,0.4016046051426045,0.181877444589309,0.39575346901554065,0.2389984130859375
A=age,clip,age,768,2,0,B_race,mlp,"h=256,seed=0",0.22410561486431424,0.4205585053327285,0.211864406779661,0.42299494794270376,1.5060250759124756
A=age,clip,age,768,2,0,B_race,mlp,"h=256,seed=1",0.2910113275201695,0.4168504340909076,0.2848761408083442,0.41956303422284597,1.500532865524292
A=age,clip,age,768,2,0,B_race,mlp,"h=1024,seed=0",0.2324178958520088,0.4212292591774999,0.2180573663624511,0.41835485502380254,2.8309342861175537
A=age,clip,age,768,2,0,B_race,mlp,"h=1024,seed=1",0.26884524488631734,0.4164445091517838,0.2627118644067797,0.42347357403855107,2.834078073501587
A=age,clip,age,768,2,0,B_race,rff,gamma x0.5,0.2763425963654144,0.4269979401903357,0.2630378096479791,0.4146557750759478,0.5989773273468018
A=age,clip,age,768,2,0,B_race,rff,gamma x2.0,0.2684377801320186,0.4351044823241401,0.2588005215123859,0.4210475210327262,0.4459996223449707
A=age,clip,age,768,2,0,B_race,tree,"depth=None,it=14",0.44487001874337867,0.6002130694983889,0.3546284224250326,0.4064783508683422,63.484700441360474
A=age,clip,age,768,2,0,B_race,tree,"depth=6,it=12",0.38961779806046776,0.5542895313577592,0.318122555410691,0.40249564719263087,62.91288614273071
A=age,clip,age,768,2,0,B_race,knn,k=15,1.0,1.0,0.749348109517601,0.33382347177586946,1.4986035823822021
A=age,clip,age,768,2,0,B_race,knn,k=50,1.0,1.0,0.7610821382007823,0.33161314260938846,1.577528715133667
A=age,clip,age,768,2,1,A_kept,lr,wd=1e-05,0.8218214812294431,0.8224362275900644,0.7980470483799379,0.7832750807862086,0.4208519458770752
A=age,clip,age,768,2,1,A_kept,lr,wd=0.001,0.8019734603606669,0.8001866989130444,0.7678650687971593,0.7574995564374195,0.2180020809173584
A=age,clip,age,768,2,1,A_kept,lr,wd=0.1,0.6408075309062039,0.747699640031192,0.6102973812694186,0.7117147225266244,0.21806645393371582
A=age,clip,age,768,2,1,A_kept,mlp,"h=256,seed=0",0.8124078484745378,0.8245550801013745,0.7811806480248558,0.7787601066144703,1.3230006694793701
A=age,clip,age,768,2,1,A_kept,mlp,"h=256,seed=1",0.808211409776568,0.8256305010341599,0.7794052374611629,0.7790225362111993,1.2991902828216553
A=age,clip,age,768,2,1,A_kept,mlp,"h=1024,seed=0",0.8004990359532721,0.8255799971008382,0.7678650687971593,0.7781418124291145,2.110208034515381
A=age,clip,age,768,2,1,A_kept,mlp,"h=1024,seed=1",0.8145627764545764,0.8224571006143043,0.7842876165113183,0.7769198942589185,2.117692232131958
A=age,clip,age,768,2,1,A_kept,rff,gamma x0.5,0.803561302030169,0.8259978707057472,0.7740790057700844,0.7796971050702566,0.519974946975708
A=age,clip,age,768,2,1,A_kept,rff,gamma x2.0,0.8011795395259158,0.8290986260461874,0.7727474478473146,0.7778679088322275,0.325000524520874
A=age,clip,age,768,2,1,A_kept,tree,"depth=None,it=22",0.8499489622320517,0.8933565553898891,0.7758544163337772,0.7510766212362698,61.311874866485596
A=age,clip,age,768,2,1,A_kept,tree,"depth=6,it=34",0.831461948508563,0.880379503636712,0.775410563692854,0.7727708850280585,61.63518714904785
A=age,clip,age,768,2,1,A_kept,knn,k=15,1.0,1.0,0.8286728806036396,0.7198180690435659,0.8776035308837891
A=age,clip,age,768,2,1,A_kept,knn,k=50,1.0,1.0,0.831779849090102,0.7172137942189606,0.9075989723205566
A=age,clip,age,768,2,1,Aprime_heldout,lr,wd=1e-05,0.7061378112333526,0.7069388413053382,0.7128834355828221,0.7106551840594394,0.4427807331085205
A=age,clip,age,768,2,1,Aprime_heldout,lr,wd=0.001,0.7061378112333526,0.7069388413053382,0.7128834355828221,0.7106551840594394,0.18900012969970703
A=age,clip,age,768,2,1,Aprime_heldout,lr,wd=0.1,0.7055587724377533,0.7064782240782539,0.7128834355828221,0.7106551840594394,0.20599889755249023
A=age,clip,age,768,2,1,Aprime_heldout,mlp,"h=256,seed=0",0.7127967573827446,0.7061786254219782,0.7104294478527607,0.7036880683452787,0.5496227741241455
A=age,clip,age,768,2,1,Aprime_heldout,mlp,"h=256,seed=1",0.7122177185871453,0.7085872621924447,0.7116564417177914,0.7071716262023591,0.5529980659484863
A=age,clip,age,768,2,1,Aprime_heldout,mlp,"h=1024,seed=0",0.7122177185871453,0.7061962171944857,0.7067484662576687,0.7006016485921923,0.8446838855743408
A=age,clip,age,768,2,1,Aprime_heldout,mlp,"h=1024,seed=1",0.7104806022003475,0.7081618285103753,0.7104294478527607,0.7061428196179969,0.8458395004272461
A=age,clip,age,768,2,1,Aprime_heldout,rff,gamma x0.5,0.7084539664157499,0.7092595192132671,0.6969325153374233,0.6938440466809261,0.409970760345459
A=age,clip,age,768,2,1,Aprime_heldout,rff,gamma x2.0,0.7171395483497395,0.7112272846237497,0.7104294478527607,0.7036880683452787,0.24341988563537598
A=age,clip,age,768,2,1,Aprime_heldout,tree,"depth=None,it=30",0.8094962362478286,0.8116348393206991,0.6883435582822086,0.6812419477904111,53.68480038642883
A=age,clip,age,768,2,1,Aprime_heldout,tree,"depth=6,it=36",0.7843080486392588,0.7810773919515128,0.6920245398773006,0.6843283675434976,53.75014400482178
A=age,clip,age,768,2,1,Aprime_heldout,knn,k=15,1.0,1.0,0.6748466257668712,0.6448866123807022,0.17800045013427734
A=age,clip,age,768,2,1,Aprime_heldout,knn,k=50,1.0,1.0,0.6969325153374233,0.6673327329355698,0.21499967575073242
A=age,clip,age,768,2,1,B_emotion,lr,wd=1e-05,0.1867003504196887,0.18358079394142443,0.18089960886571055,0.17627148466987272,0.35492730140686035
A=age,clip,age,768,2,1,B_emotion,lr,wd=0.001,0.16453426778583652,0.174105898142446,0.16460234680573663,0.17394590444074204,0.23568964004516602
A=age,clip,age,768,2,1,B_emotion,lr,wd=0.1,0.22858772716160053,0.1875802432296689,0.22359843546284225,0.16969003667551474,0.23196172714233398
A=age,clip,age,768,2,1,B_emotion,mlp,"h=256,seed=0",0.2319289381468503,0.21857942566432714,0.22294654498044328,0.20288779509432983,1.551948070526123
A=age,clip,age,768,2,1,B_emotion,mlp,"h=256,seed=1",0.2557248797978975,0.21374249761626202,0.24837027379400262,0.2025939771483159,1.5114045143127441
A=age,clip,age,768,2,1,B_emotion,mlp,"h=1024,seed=0",0.226468910439247,0.21301793088033913,0.21349413298565842,0.19669635746394093,2.8412835597991943
A=age,clip,age,768,2,1,B_emotion,mlp,"h=1024,seed=1",0.2373889658544536,0.20996683600791738,0.2317470664928292,0.20104698850977737,2.854189157485962
A=age,clip,age,768,2,1,B_emotion,rff,gamma x0.5,0.24293048651291663,0.21907099163483176,0.22718383311603652,0.19744553950791494,0.6720089912414551
A=age,clip,age,768,2,1,B_emotion,rff,gamma x2.0,0.23510716323038058,0.22982077326497624,0.20795306388526727,0.18703475204281034,0.4284172058105469
A=age,clip,age,768,2,1,B_emotion,tree,"depth=None,it=13",0.4139841903675332,0.49556226535578923,0.22913950456323337,0.1813554867507294,65.37586236000061
A=age,clip,age,768,2,1,B_emotion,tree,"depth=6,it=13",0.3676147013283351,0.4278789756428674,0.22294654498044328,0.1733226653365463,64.84042119979858
A=age,clip,age,768,2,1,B_emotion,knn,k=15,1.0,1.0,0.3624511082138201,0.17565684683274083,1.5946509838104248
A=age,clip,age,768,2,1,B_emotion,knn,k=50,1.0,1.0,0.39308996088657105,0.17703432207904415,1.5894126892089844
A=age,clip,age,768,2,1,B_gender,lr,wd=1e-05,0.5203576699366265,0.5063342520747001,0.5200418264203556,0.5060579327659658,0.33196091651916504
A=age,clip,age,768,2,1,B_gender,lr,wd=0.001,0.5783488150013022,0.5578994900183024,0.5761589403973509,0.5567577518805168,0.22500181198120117
A=age,clip,age,768,2,1,B_gender,lr,wd=0.1,0.6018751627745464,0.5911063122124885,0.597420704078076,0.58814483685714,0.23599839210510254
A=age,clip,age,768,2,1,B_gender,mlp,"h=256,seed=0",0.6136817432068756,0.5991499157306324,0.6047403276402927,0.5928844310015914,1.5657198429107666
A=age,clip,age,768,2,1,B_gender,mlp,"h=256,seed=1",0.6191509679659692,0.6012857941909073,0.6050888811432555,0.5902593679882178,1.5590479373931885
A=age,clip,age,768,2,1,B_gender,mlp,"h=1024,seed=0",0.6188037156003126,0.6023625950624318,0.6061345416521436,0.5926521464084848,2.694807529449463
A=age,clip,age,768,2,1,B_gender,mlp,"h=1024,seed=1",0.6175015192290998,0.6000354342683869,0.60439177413733,0.5892753709140152,2.7009758949279785
A=age,clip,age,768,2,1,B_gender,rff,gamma x0.5,0.6076048268078826,0.6001319977223198,0.600906239107703,0.5946233530033904,0.6506297588348389
A=age,clip,age,768,2,1,B_gender,rff,gamma x2.0,0.6128136122927338,0.6041856798703535,0.5939351690484489,0.5868003044410837,0.41100025177001953
A=age,clip,age,768,2,1,B_gender,tree,"depth=None,it=24",0.678531122493272,0.6715620382224037,0.5862669919832695,0.5778099022427818,61.552133560180664
A=age,clip,age,768,2,1,B_gender,tree,"depth=6,it=26",0.6662904766038719,0.6583265734816527,0.5859184384803068,0.5780513299528511,61.13006234169006
A=age,clip,age,768,2,1,B_gender,knn,k=15,1.0,1.0,0.5695364238410596,0.5531855113720606,1.4348094463348389
A=age,clip,age,768,2,1,B_gender,knn,k=50,1.0,1.0,0.6029975601254792,0.5809815753837638,1.4449207782745361
A=age,clip,age,768,2,1,B_race,lr,wd=1e-05,0.21620079863091843,0.39683531535880884,0.211864406779661,0.40164960449575693,0.4368565082550049
A=age,clip,age,768,2,1,B_race,lr,wd=0.001,0.21717871404123543,0.39681355490874487,0.21251629726205998,0.40193317177209326,0.2090003490447998
A=age,clip,age,768,2,1,B_race,lr,wd=0.1,0.20902941895526037,0.3967238363178332,0.2046936114732725,0.3999991050552329,0.21000003814697266
A=age,clip,age,768,2,1,B_race,mlp,"h=256,seed=0",0.2910113275201695,0.4168504340909076,0.2848761408083442,0.41956303422284597,1.5072431564331055
A=age,clip,age,768,2,1,B_race,mlp,"h=256,seed=1",0.28514383505826746,0.41546214523864555,0.2832464146023468,0.41956904442803133,1.491792917251587
A=age,clip,age,768,2,1,B_race,mlp,"h=1024,seed=0",0.26884524488631734,0.4164445091517838,0.2627118644067797,0.42347357403855107,2.8355469703674316
A=age,clip,age,768,2,1,B_race,mlp,"h=1024,seed=1",0.27487572324993886,0.4191447669473902,0.2682529335071708,0.4198326316296468,2.8358051776885986
A=age,clip,age,768,2,1,B_race,rff,gamma x0.5,0.27756499062831064,0.4275133445938539,0.2633637548891786,0.4133288181149406,0.7021090984344482
A=age,clip,age,768,2,1,B_race,rff,gamma x2.0,0.2705565968543721,0.4343583733013297,0.25684485006518903,0.4125005124857177,0.4285924434661865
A=age,clip,age,768,2,1,B_race,tree,"depth=None,it=13",0.4412843289055497,0.5983934936256764,0.34876140808344197,0.39183343781757035,64.69139218330383
A=age,clip,age,768,2,1,B_race,tree,"depth=6,it=12",0.38057208051503544,0.5513300905107688,0.31681877444589307,0.40359299700375656,62.64565396308899
A=age,clip,age,768,2,1,B_race,knn,k=15,1.0,1.0,0.749348109517601,0.33382347177586946,1.5718023777008057
A=age,clip,age,768,2,1,B_race,knn,k=50,1.0,1.0,0.7610821382007823,0.33161314260938846,1.582702875137329
A=age,clip,age,768,2,2,A_kept,lr,wd=1e-05,0.8238629919473744,0.8224901123101006,0.7993786063027075,0.7848036636069512,0.48046016693115234
A=age,clip,age,768,2,2,A_kept,lr,wd=0.001,0.8238629919473744,0.8224901123101006,0.7993786063027075,0.7848036636069512,0.21899795532226562
A=age,clip,age,768,2,2,A_kept,lr,wd=0.1,0.7951684246342293,0.8120491970618481,0.7696404793608522,0.779520227701623,0.2290024757385254
A=age,clip,age,768,2,2,A_kept,mlp,"h=256,seed=0",0.808211409776568,0.8256305010341599,0.7794052374611629,0.7790225362111993,1.3005821704864502
A=age,clip,age,768,2,2,A_kept,mlp,"h=256,seed=1",0.800839287739594,0.8237855602285191,0.7687527740790058,0.777916650887672,1.3076016902923584
A=age,clip,age,768,2,2,A_kept,mlp,"h=1024,seed=0",0.8145627764545764,0.8224571006143043,0.7842876165113183,0.7769198942589185,2.1132819652557373
A=age,clip,age,768,2,2,A_kept,mlp,"h=1024,seed=1",0.8085516615628898,0.822346485090443,0.783843763870395,0.7819550500387612,2.1141064167022705
A=age,clip,age,768,2,2,A_kept,rff,gamma x0.5,0.8036747192922763,0.8266617717163122,0.7749667110519307,0.7779438185907065,0.5860118865966797
A=age,clip,age,768,2,2,A_kept,rff,gamma x2.0,0.8011795395259158,0.8245549402157679,0.7776298268974701,0.7805375351804248,0.33203625679016113
A=age,clip,age,768,2,2,A_kept,tree,"depth=None,it=23",0.8470001134172621,0.8903118353472678,0.7740790057700844,0.7519653355192472,60.512656688690186
A=age,clip,age,768,2,2,A_kept,tree,"depth=6,it=32",0.8328229556538506,0.8802582332745971,0.7718597425654683,0.7594423883718496,60.8979275226593
A=age,clip,age,768,2,2,A_kept,knn,k=15,1.0,1.0,0.8286728806036396,0.7198180690435659,0.8360750675201416
A=age,clip,age,768,2,2,A_kept,knn,k=50,1.0,1.0,0.831779849090102,0.7172137942189606,0.9330027103424072
A=age,clip,age,768,2,2,Aprime_heldout,lr,wd=1e-05,0.7061378112333526,0.7069388413053382,0.7128834355828221,0.7106551840594394,0.4380381107330322
A=age,clip,age,768,2,2,Aprime_heldout,lr,wd=0.001,0.7061378112333526,0.7069388413053382,0.7128834355828221,0.7106551840594394,0.18756628036499023
A=age,clip,age,768,2,2,Aprime_heldout,lr,wd=0.1,0.7055587724377533,0.7064782240782539,0.7128834355828221,0.7106551840594394,0.20960092544555664
A=age,clip,age,768,2,2,Aprime_heldout,mlp,"h=256,seed=0",0.7122177185871453,0.7085872621924447,0.7116564417177914,0.7071716262023591,0.5619988441467285
A=age,clip,age,768,2,2,Aprime_heldout,mlp,"h=256,seed=1",0.7087434858135495,0.7102868428261291,0.7079754601226994,0.7060490074674471,0.5600011348724365
A=age,clip,age,768,2,2,Aprime_heldout,mlp,"h=1024,seed=0",0.7104806022003475,0.7081618285103753,0.7104294478527607,0.7061428196179969,0.8400335311889648
A=age,clip,age,768,2,2,Aprime_heldout,mlp,"h=1024,seed=1",0.7075854082223509,0.7093656083719604,0.7079754601226994,0.7060490074674471,0.8448584079742432
A=age,clip,age,768,2,2,Aprime_heldout,rff,gamma x0.5,0.705848291835553,0.7073461446912518,0.694478527607362,0.6922773837667455,0.38698339462280273
A=age,clip,age,768,2,2,Aprime_heldout,rff,gamma x2.0,0.718297625940938,0.7100762800796871,0.7116564417177914,0.7037349744205537,0.24956297874450684
A=age,clip,age,768,2,2,Aprime_heldout,tree,"depth=None,it=23",0.8022582513028373,0.8038048849839143,0.7006134969325153,0.6925119141431199,53.809990882873535
A=age,clip,age,768,2,2,Aprime_heldout,tree,"depth=6,it=30",0.7819918934568616,0.7822635800405904,0.6969325153374233,0.6874616933718589,55.90596580505371
A=age,clip,age,768,2,2,Aprime_heldout,knn,k=15,1.0,1.0,0.6748466257668712,0.6448866123807022,0.1900005340576172
A=age,clip,age,768,2,2,Aprime_heldout,knn,k=50,1.0,1.0,0.6969325153374233,0.6673327329355698,0.24662518501281738
A=age,clip,age,768,2,2,B_emotion,lr,wd=1e-05,0.15719990220845897,0.17293930602089103,0.1502607561929596,0.15628050095579268,0.39960169792175293
A=age,clip,age,768,2,2,B_emotion,lr,wd=0.001,0.15842229647135522,0.17330837884232556,0.1515645371577575,0.15658440939486348,0.21900033950805664
A=age,clip,age,768,2,2,B_emotion,lr,wd=0.1,0.17855105533371363,0.17108659375969082,0.17405475880052151,0.15740878008701603,0.22899961471557617
A=age,clip,age,768,2,2,B_emotion,mlp,"h=256,seed=0",0.2557248797978975,0.21374249761626202,0.24837027379400262,0.2025939771483159,1.5440199375152588
A=age,clip,age,768,2,2,B_emotion,mlp,"h=256,seed=1",0.2457827397930079,0.2098079517908614,0.23663624511082137,0.18916104185134,1.5915637016296387
A=age,clip,age,768,2,2,B_emotion,mlp,"h=1024,seed=0",0.2373889658544536,0.20996683600791738,0.2317470664928292,0.20104698850977737,2.848471164703369
A=age,clip,age,768,2,2,B_emotion,mlp,"h=1024,seed=1",0.25409502078070245,0.2078130436095716,0.24185136897001303,0.18656123415766399,2.85298490524292
A=age,clip,age,768,2,2,B_emotion,rff,gamma x0.5,0.23518865618124032,0.22100543809735101,0.21773142112125163,0.19530141044388588,0.6792826652526855
A=age,clip,age,768,2,2,B_emotion,rff,gamma x2.0,0.23714448700187435,0.23240990309147172,0.20958279009126468,0.18682174209386124,0.42504072189331055
A=age,clip,age,768,2,2,B_emotion,tree,"depth=None,it=12",0.4040420503626436,0.47837112307285573,0.227509778357236,0.17403568491129165,65.64516496658325
A=age,clip,age,768,2,2,B_emotion,tree,"depth=6,it=11",0.36508841985168283,0.4114492743905344,0.227509778357236,0.17417900976651501,64.6302342414856
A=age,clip,age,768,2,2,B_emotion,knn,k=15,1.0,1.0,0.3624511082138201,0.17565684683274083,1.5333824157714844
A=age,clip,age,768,2,2,B_emotion,knn,k=50,1.0,1.0,0.39308996088657105,0.17703432207904415,1.6570110321044922
A=age,clip,age,768,2,2,B_gender,lr,wd=1e-05,0.6028301067801024,0.5920184848459322,0.597420704078076,0.5882365151380363,0.46401500701904297
A=age,clip,age,768,2,2,B_gender,lr,wd=0.001,0.6029169198715166,0.5920700099490178,0.5981178110840014,0.5889454773695499,0.218278169631958
A=age,clip,age,768,2,2,B_gender,lr,wd=0.1,0.6028301067801024,0.5922405254527554,0.594980829557337,0.5859843430299796,0.21899938583374023
A=age,clip,age,768,2,2,B_gender,mlp,"h=256,seed=0",0.6191509679659692,0.6012857941909073,0.6050888811432555,0.5902593679882178,1.5086636543273926
A=age,clip,age,768,2,2,B_gender,mlp,"h=256,seed=1",0.6147235003038458,0.5970297161501746,0.6057859881491809,0.5906932953770423,1.5173425674438477
A=age,clip,age,768,2,2,B_gender,mlp,"h=1024,seed=0",0.6175015192290998,0.6000354342683869,0.60439177413733,0.5892753709140152,2.6947531700134277
A=age,clip,age,768,2,2,B_gender,mlp,"h=1024,seed=1",0.6163729490407154,0.5976879677878336,0.6075287556639944,0.5912280441637261,2.697544813156128
A=age,clip,age,768,2,2,B_gender,rff,gamma x0.5,0.6095147148189947,0.6004267299199817,0.6016033461136284,0.5941404975832518,0.5884406566619873
A=age,clip,age,768,2,2,B_gender,rff,gamma x2.0,0.6135081170240472,0.6042771553740713,0.5946322760543743,0.5872342318299084,0.4052596092224121
A=age,clip,age,768,2,2,B_gender,tree,"depth=None,it=25",0.6746245333796337,0.6677384666928636,0.5897525270128965,0.5835549921418617,61.68985605239868
A=age,clip,age,768,2,2,B_gender,tree,"depth=6,it=56",0.6864311138119629,0.6801982111689331,0.5897525270128965,0.5841967401081359,63.115599155426025
A=age,clip,age,768,2,2,B_gender,knn,k=15,1.0,1.0,0.5695364238410596,0.5531855113720606,1.4771368503570557
A=age,clip,age,768,2,2,B_gender,knn,k=50,1.0,1.0,0.6029975601254792,0.5809815753837638,1.5177056789398193
A=age,clip,age,768,2,2,B_race,lr,wd=1e-05,0.21522288322060143,0.39742946622715736,0.211864406779661,0.404763387555169,0.3669617176055908
A=age,clip,age,768,2,2,B_race,lr,wd=0.001,0.21530437617146117,0.3974649612046181,0.211864406779661,0.404763387555169,0.22600221633911133
A=age,clip,age,768,2,2,B_race,lr,wd=0.1,0.21481541846630267,0.39725199133985395,0.21153846153846154,0.4046216039170008,0.2317342758178711
A=age,clip,age,768,2,2,B_race,mlp,"h=256,seed=0",0.28514383505826746,0.41546214523864555,0.2832464146023468,0.41956904442803133,1.5774931907653809
A=age,clip,age,768,2,2,B_race,mlp,"h=256,seed=1",0.24472333143183114,0.4218199741126374,0.23239895697522817,0.4126573874969562,1.540428876876831
A=age,clip,age,768,2,2,B_race,mlp,"h=1024,seed=0",0.27487572324993886,0.4191447669473902,0.2682529335071708,0.4198326316296468,2.8324687480926514
A=age,clip,age,768,2,2,B_race,mlp,"h=1024,seed=1",0.24219704995517888,0.4222015728901059,0.23044328552803128,0.42096201203334155,2.8395376205444336
A=age,clip,age,768,2,2,B_race,rff,gamma x0.5,0.27243093472414637,0.4289069552686339,0.2620599739243807,0.41770653189475887,0.6501829624176025
A=age,clip,age,768,2,2,B_race,rff,gamma x2.0,0.2672968788199821,0.43389918763854435,0.2565189048239896,0.41987873370448775,0.41878342628479004
A=age,clip,age,768,2,2,B_race,tree,"depth=None,it=18",0.4909950289299976,0.6368199405679874,0.38428943937418514,0.4120758427528905,63.34660005569458
A=age,clip,age,768,2,2,B_race,tree,"depth=6,it=18",0.4174883872545025,0.5800950472131866,0.33833116036505867,0.40031928302414493,63.08315825462341
A=age,clip,age,768,2,2,B_race,knn,k=15,1.0,1.0,0.749348109517601,0.33382347177586946,1.5181660652160645
A=age,clip,age,768,2,2,B_race,knn,k=50,1.0,1.0,0.7610821382007823,0.33161314260938846,1.6237452030181885
A=gender,clip,gender,768,1,0,A_kept,lr,wd=1e-05,0.9424429203923952,0.942129854081277,0.9431857790170791,0.9426321303956746,0.38391828536987305
A=gender,clip,gender,768,1,0,A_kept,lr,wd=0.001,0.9424429203923952,0.942129854081277,0.9431857790170791,0.9426321303956746,0.23299956321716309
A=gender,clip,gender,768,1,0,A_kept,lr,wd=0.1,0.9424429203923952,0.942129854081277,0.9431857790170791,0.9426321303956746,0.2425098419189453
A=gender,clip,gender,768,1,0,A_kept,mlp,"h=256,seed=0",0.9425297334838093,0.94183598268486,0.9435343325200418,0.9427574158091905,1.5789988040924072
A=gender,clip,gender,768,1,0,A_kept,mlp,"h=256,seed=1",0.9426165465752235,0.9418875077879456,0.9428372255141164,0.9419567752967806,1.5985915660858154
A=gender,clip,gender,768,1,0,A_kept,mlp,"h=1024,seed=0",0.9425297334838093,0.9417372979707164,0.9431857790170791,0.9422654172720892,2.6943113803863525
A=gender,clip,gender,768,1,0,A_kept,mlp,"h=1024,seed=1",0.9425297334838093,0.94183598268486,0.9435343325200418,0.9427574158091905,2.691485643386841
A=gender,clip,gender,768,1,0,A_kept,rff,gamma x0.5,0.9421824811181526,0.942049292307628,0.942140118508191,0.9417062044697486,0.5736322402954102
A=gender,clip,gender,768,1,0,A_kept,rff,gamma x2.0,0.9420956680267384,0.9418744113118629,0.9424886720111537,0.9420148464450573,0.40758395195007324
A=gender,clip,gender,768,1,0,A_kept,tree,"depth=None,it=52",0.9421824811181526,0.9419012652364126,0.9424886720111537,0.9420148464450573,62.676395416259766
A=gender,clip,gender,768,1,0,A_kept,tree,"depth=6,it=54",0.9421824811181526,0.9419012652364126,0.9424886720111537,0.9420148464450573,62.70834732055664
A=gender,clip,gender,768,1,0,A_kept,knn,k=15,1.0,1.0,0.9295921924015337,0.9282114580553331,1.380460262298584
A=gender,clip,gender,768,1,0,A_kept,knn,k=50,1.0,1.0,0.9348204949459742,0.9335745139321334,1.4974229335784912
A=gender,clip,gender,768,1,0,B_emotion,lr,wd=1e-05,0.27129003341210983,0.18436293429364986,0.27835723598435463,0.19469009463110806,0.5005402565002441
A=gender,clip,gender,768,1,0,B_emotion,lr,wd=0.001,0.06030478363621547,0.17351308633898813,0.060625814863103,0.17215615475419396,0.22799992561340332
A=gender,clip,gender,768,1,0,B_emotion,lr,wd=0.1,0.05802298101214245,0.17873541779138735,0.05704041720990873,0.17460752068595206,0.22300219535827637
A=gender,clip,gender,768,1,0,B_emotion,mlp,"h=256,seed=0",0.2462716974981664,0.213035666214927,0.2408735332464146,0.2184145884904233,1.5724866390228271
A=gender,clip,gender,768,1,0,B_emotion,mlp,"h=256,seed=1",0.21628229158177817,0.2186690737366591,0.20599739243807041,0.2191764975673103,1.4923632144927979
A=gender,clip,gender,768,1,0,B_emotion,mlp,"h=1024,seed=0",0.2792763425963654,0.21473692814214787,0.2777053455019557,0.22496040418022886,2.837580680847168
A=gender,clip,gender,768,1,0,B_emotion,mlp,"h=1024,seed=1",0.11237877923559612,0.21399921969490476,0.1059322033898305,0.21470585698270497,2.8382954597473145
A=gender,clip,gender,768,1,0,B_emotion,rff,gamma x0.5,0.21448944666286365,0.22089128358937743,0.21544980443285527,0.21438931500766464,0.6840014457702637
A=gender,clip,gender,768,1,0,B_emotion,rff,gamma x2.0,0.22239426289625946,0.2237014221167177,0.21707953063885269,0.21764546673320637,0.43257737159729004
A=gender,clip,gender,768,1,0,B_emotion,tree,"depth=None,it=14",0.20625865862602885,0.2798170801223635,0.16101694915254236,0.17526745358261805,66.05156779289246
A=gender,clip,gender,768,1,0,B_emotion,tree,"depth=6,it=16",0.2153858691223209,0.26974216761528064,0.17209908735332463,0.18592997623119875,65.40510582923889
A=gender,clip,gender,768,1,0,B_emotion,knn,k=15,0.9998370140982805,0.9998713232312456,0.2865058670143416,0.152404797807353,1.554743766784668
A=gender,clip,gender,768,1,0,B_emotion,knn,k=50,0.9998370140982805,0.9998713232312456,0.30215123859191656,0.15353920323536177,1.6055572032928467
A=gender,clip,gender,768,1,0,B_race,lr,wd=1e-05,0.15328824056719093,0.39523857943147345,0.14439374185136897,0.3743272004326505,0.3240780830383301
A=gender,clip,gender,768,1,0,B_race,lr,wd=0.001,0.15239181810773367,0.39512581975935196,0.1440677966101695,0.3747337642812279,0.2290027141571045
A=gender,clip,gender,768,1,0,B_race,lr,wd=0.1,0.47828212859587643,0.3896194571732563,0.4680573663624511,0.3703546166327962,0.22099757194519043
A=gender,clip,gender,768,1,0,B_race,mlp,"h=256,seed=0",0.3753565316600114,0.41155304912049884,0.3670143415906128,0.387884653978638,1.5305120944976807
A=gender,clip,gender,768,1,0,B_race,mlp,"h=256,seed=1",0.36207318066987204,0.4098561465729715,0.3546284224250326,0.38907704556919503,1.5169005393981934
A=gender,clip,gender,768,1,0,B_race,mlp,"h=1024,seed=0",0.39059571347078476,0.41103314294639465,0.37972620599739243,0.3868340460262492,2.82270884513855
A=gender,clip,gender,768,1,0,B_race,mlp,"h=1024,seed=1",0.37837177084182216,0.41008951248708314,0.36897001303780963,0.38709031334741023,2.8230350017547607
A=gender,clip,gender,768,1,0,B_race,rff,gamma x0.5,0.37062994051014586,0.41132491757715567,0.36603650586701436,0.3944309604343263,0.6129715442657471
A=gender,clip,gender,768,1,0,B_race,rff,gamma x2.0,0.3535164208295982,0.4141850966994252,0.33800521512385917,0.38498902593737355,0.45633983612060547
A=gender,clip,gender,768,1,0,B_race,tree,"depth=None,it=16",0.41854779561567923,0.46356826747517593,0.3754889178617992,0.37535655626939635,63.955328702926636
A=gender,clip,gender,768,1,0,B_race,tree,"depth=6,it=14",0.4183033167631,0.4498467972383762,0.3852672750977836,0.390449318047195,62.92731070518494
A=gender,clip,gender,768,1,0,B_race,knn,k=15,0.9999185070491402,0.9998256624825662,0.6994784876140808,0.3401254598155084,1.5812056064605713
A=gender,clip,gender,768,1,0,B_race,knn,k=50,0.9999185070491402,0.9998256624825662,0.7154498044328553,0.33701658051148553,1.600271463394165
A=gender,clip,gender,768,1,0,B_age,lr,wd=1e-05,0.3844837421563035,0.211613572554034,0.37646675358539766,0.21138283592050625,0.42718029022216797
A=gender,clip,gender,768,1,0,B_age,lr,wd=0.001,0.3692445603455301,0.26478132355297046,0.35495436766623206,0.23470593233254528,0.23099875450134277
A=gender,clip,gender,768,1,0,B_age,lr,wd=0.1,0.1638823241789585,0.2360035286088893,0.15808344198174706,0.2400427783406507,0.23400259017944336
A=gender,clip,gender,768,1,0,B_age,mlp,"h=256,seed=0",0.4313421889006601,0.3542903216054794,0.4273142112125163,0.3418665234459469,1.5455913543701172
A=gender,clip,gender,768,1,0,B_age,mlp,"h=256,seed=1",0.42001466873115473,0.36471420786857606,0.41460234680573665,0.3510491355818732,1.5740001201629639
A=gender,clip,gender,768,1,0,B_age,mlp,"h=1024,seed=0",0.38358731969684623,0.37587807659422656,0.3754889178617992,0.3416687958989478,2.8344035148620605
A=gender,clip,gender,768,1,0,B_age,mlp,"h=1024,seed=1",0.41064297938228345,0.3769400312269952,0.40091264667535853,0.34098083928269396,2.831965208053589
A=gender,clip,gender,768,1,0,B_age,rff,gamma x0.5,0.4025751772471681,0.37846844322284545,0.3940677966101695,0.3432866592496631,0.703026533126831
A=gender,clip,gender,768,1,0,B_age,rff,gamma x2.0,0.42164452774834976,0.38871416992132674,0.4136245110821382,0.35851227089755017,0.4239332675933838
A=gender,clip,gender,768,1,0,B_age,tree,"depth=None,it=23",0.4284899356205688,0.42260187336560184,0.4028683181225554,0.351754228188906,66.74824714660645
A=gender,clip,gender,768,1,0,B_age,tree,"depth=6,it=22",0.42694156955423357,0.4202087612808353,0.4031942633637549,0.35019680943780285,65.94401335716248
A=gender,clip,gender,768,1,0,B_age,knn,k=15,0.9997555211474207,0.999761043484918,0.4866362451108214,0.2753663850606001,1.546339988708496
A=gender,clip,gender,768,1,0,B_age,knn,k=50,0.9997555211474207,0.999761043484918,0.5052151238591917,0.2758753262476853,1.6168444156646729
A=gender,clip,gender,768,1,1,A_kept,lr,wd=1e-05,0.9424429203923952,0.942129854081277,0.9431857790170791,0.9426321303956746,0.5023484230041504
A=gender,clip,gender,768,1,1,A_kept,lr,wd=0.001,0.9424429203923952,0.942129854081277,0.9431857790170791,0.9426321303956746,0.22451090812683105
A=gender,clip,gender,768,1,1,A_kept,lr,wd=0.1,0.9424429203923952,0.942129854081277,0.9431857790170791,0.9426321303956746,0.22999978065490723
A=gender,clip,gender,768,1,1,A_kept,mlp,"h=256,seed=0",0.9426165465752235,0.9418875077879456,0.9428372255141164,0.9419567752967806,1.5828189849853516
A=gender,clip,gender,768,1,1,A_kept,mlp,"h=256,seed=1",0.9427033596666378,0.9419390328910311,0.9431857790170791,0.9422654172720892,1.568000078201294
A=gender,clip,gender,768,1,1,A_kept,mlp,"h=1024,seed=0",0.9425297334838093,0.94183598268486,0.9435343325200418,0.9427574158091905,2.6813154220581055
A=gender,clip,gender,768,1,1,A_kept,mlp,"h=1024,seed=1",0.9426165465752235,0.9418875077879456,0.9428372255141164,0.9419567752967806,2.69405198097229
A=gender,clip,gender,768,1,1,A_kept,rff,gamma x0.5,0.9420956680267384,0.9418744113118629,0.9424886720111537,0.9420148464450573,0.6235518455505371
A=gender,clip,gender,768,1,1,A_kept,rff,gamma x2.0,0.9420088549353243,0.9417735438517056,0.9424886720111537,0.9420148464450573,0.40601038932800293
A=gender,clip,gender,768,1,1,A_kept,tree,"depth=None,it=47",0.9420088549353243,0.9417982150302415,0.9424886720111537,0.9420148464450573,62.49200797080994
A=gender,clip,gender,768,1,1,A_kept,tree,"depth=6,it=49",0.9420088549353243,0.9417982150302415,0.9424886720111537,0.9420148464450573,63.63082718849182
A=gender,clip,gender,768,1,1,A_kept,knn,k=15,1.0,1.0,0.9295921924015337,0.9282114580553331,1.3824503421783447
A=gender,clip,gender,768,1,1,A_kept,knn,k=50,1.0,1.0,0.9348204949459742,0.9335745139321334,1.4300835132598877
A=gender,clip,gender,768,1,1,B_emotion,lr,wd=1e-05,0.2695786814440551,0.18051795560212502,0.27249022164276404,0.18969250781114763,0.40741539001464844
A=gender,clip,gender,768,1,1,B_emotion,lr,wd=0.001,0.12786243989894874,0.17470178800745445,0.11571056062581486,0.17381039262812178,0.2220015525817871
A=gender,clip,gender,768,1,1,B_emotion,lr,wd=0.1,0.07432157118409258,0.17630386661996664,0.07007822685788788,0.18288028925283825,0.23999691009521484
A=gender,clip,gender,768,1,1,B_emotion,mlp,"h=256,seed=0",0.21628229158177817,0.2186690737366591,0.20599739243807041,0.2191764975673103,1.5947346687316895
A=gender,clip,gender,768,1,1,B_emotion,mlp,"h=256,seed=1",0.2240241219134545,0.21795646453110643,0.2180573663624511,0.21989620043651173,1.5907602310180664
A=gender,clip,gender,768,1,1,B_emotion,mlp,"h=1024,seed=0",0.11237877923559612,0.21399921969490476,0.1059322033898305,0.21470585698270497,2.8349528312683105
A=gender,clip,gender,768,1,1,B_emotion,mlp,"h=1024,seed=1",0.27414228669220114,0.21475767014112154,0.27216427640156454,0.22401004458269266,2.8395192623138428
A=gender,clip,gender,768,1,1,B_emotion,rff,gamma x0.5,0.21546736207318068,0.2215814529251456,0.21707953063885269,0.2153057494510892,0.7073571681976318
A=gender,clip,gender,768,1,1,B_emotion,rff,gamma x2.0,0.22198679814196073,0.22295182977729047,0.219361147327249,0.2173021121359255,0.4204413890838623
A=gender,clip,gender,768,1,1,B_emotion,tree,"depth=None,it=13",0.21554885502404042,0.2827955890042651,0.17438070404172099,0.1954965980769294,66.05216693878174
A=gender,clip,gender,768,1,1,B_emotion,tree,"depth=6,it=13",0.2144079537120039,0.27091543675038465,0.17926988265971316,0.19803565707764031,65.32379603385925
A=gender,clip,gender,768,1,1,B_emotion,knn,k=15,0.9998370140982805,0.9998713232312456,0.2865058670143416,0.152404797807353,1.5408291816711426
A=gender,clip,gender,768,1,1,B_emotion,knn,k=50,0.9998370140982805,0.9998713232312456,0.30215123859191656,0.15353920323536177,1.5951697826385498
A=gender,clip,gender,768,1,1,B_race,lr,wd=1e-05,0.25759921766767174,0.4000536314883947,0.26173402868318124,0.38389064494514535,0.417694091796875
A=gender,clip,gender,768,1,1,B_race,lr,wd=0.001,0.160459620242849,0.39009661064181106,0.15058670143415906,0.3702354550004949,0.22899818420410156
A=gender,clip,gender,768,1,1,B_race,lr,wd=0.1,0.1538586912232092,0.39511297355762137,0.14471968709256844,0.3715315028724679,0.23200225830078125
A=gender,clip,gender,768,1,1,B_race,mlp,"h=256,seed=0",0.36207318066987204,0.4098561465729715,0.3546284224250326,0.38907704556919503,1.635331630706787
A=gender,clip,gender,768,1,1,B_race,mlp,"h=256,seed=1",0.3572650965691468,0.4091304800870175,0.34876140808344197,0.3901773496765452,1.5677199363708496
A=gender,clip,gender,768,1,1,B_race,mlp,"h=1024,seed=0",0.37837177084182216,0.41008951248708314,0.36897001303780963,0.38709031334741023,2.8246777057647705
A=gender,clip,gender,768,1,1,B_race,mlp,"h=1024,seed=1",0.3801646157607367,0.4097879662739952,0.37157757496740546,0.3874902121531678,2.823169469833374
A=gender,clip,gender,768,1,1,B_race,rff,gamma x0.5,0.36965202509982886,0.41117666292757354,0.36538461538461536,0.39414739315798997,0.6190013885498047
A=gender,clip,gender,768,1,1,B_race,rff,gamma x2.0,0.36606633526199983,0.4144064792690681,0.3474576271186441,0.3841656240635398,0.4195077419281006
A=gender,clip,gender,768,1,1,B_race,tree,"depth=None,it=17",0.4287344144731481,0.46307756972513564,0.3960234680573664,0.39673433675985786,63.557607650756836
A=gender,clip,gender,768,1,1,B_race,tree,"depth=6,it=17",0.4081981908564909,0.46024209464813376,0.36897001303780963,0.3921336959267165,63.36818027496338
A=gender,clip,gender,768,1,1,B_race,knn,k=15,0.9999185070491402,0.9998256624825662,0.6994784876140808,0.3401254598155084,1.6440954208374023
A=gender,clip,gender,768,1,1,B_race,knn,k=50,0.9999185070491402,0.9998256624825662,0.7154498044328553,0.33701658051148553,1.6836187839508057
A=gender,clip,gender,768,1,1,B_age,lr,wd=1e-05,0.40909461331594815,0.25178770921797067,0.4002607561929596,0.24339762276623786,0.46730637550354004
A=gender,clip,gender,768,1,1,B_age,lr,wd=0.001,0.4136582185640942,0.2600704460649472,0.4044980443285528,0.25090759812491303,0.22600388526916504
A=gender,clip,gender,768,1,1,B_age,lr,wd=0.1,0.4120283595468992,0.2569527531576986,0.40384615384615385,0.2494954125519709,0.2389986515045166
A=gender,clip,gender,768,1,1,B_age,mlp,"h=256,seed=0",0.42001466873115473,0.36471420786857606,0.41460234680573665,0.3510491355818732,1.514979600906372
A=gender,clip,gender,768,1,1,B_age,mlp,"h=256,seed=1",0.386928530682096,0.3767412345578848,0.3771186440677966,0.336468666941368,1.5031914710998535
A=gender,clip,gender,768,1,1,B_age,mlp,"h=1024,seed=0",0.41064297938228345,0.3769400312269952,0.40091264667535853,0.34098083928269396,2.8315200805664062
A=gender,clip,gender,768,1,1,B_age,mlp,"h=1024,seed=1",0.388558389699291,0.37839482191785623,0.3790743155149935,0.33480457696522853,2.831894636154175
A=gender,clip,gender,768,1,1,B_age,rff,gamma x0.5,0.40265667019802787,0.37906660928897284,0.39374185136897,0.3426787565141008,0.7309963703155518
A=gender,clip,gender,768,1,1,B_age,rff,gamma x2.0,0.41871078151739877,0.388098055573008,0.41166883963494133,0.36050334781794424,0.42600131034851074
A=gender,clip,gender,768,1,1,B_age,tree,"depth=None,it=20",0.419933175780295,0.4178347189071472,0.4002607561929596,0.351447557192346,69.8562479019165
A=gender,clip,gender,768,1,1,B_age,tree,"depth=6,it=22",0.4300383016869041,0.41921997669129035,0.40775749674054756,0.34725774330147074,71.33541750907898
A=gender,clip,gender,768,1,1,B_age,knn,k=15,0.9997555211474207,0.999761043484918,0.4866362451108214,0.2753663850606001,1.5703239440917969
A=gender,clip,gender,768,1,1,B_age,knn,k=50,0.9997555211474207,0.999761043484918,0.5052151238591917,0.2758753262476853,1.6698894500732422
A=gender,clip,gender,768,1,2,A_kept,lr,wd=1e-05,0.9424429203923952,0.942129854081277,0.9431857790170791,0.9426321303956746,0.3596200942993164
A=gender,clip,gender,768,1,2,A_kept,lr,wd=0.001,0.9424429203923952,0.942129854081277,0.9431857790170791,0.9426321303956746,0.24857521057128906
A=gender,clip,gender,768,1,2,A_kept,lr,wd=0.1,0.9424429203923952,0.942129854081277,0.9431857790170791,0.9426321303956746,0.23256731033325195
A=gender,clip,gender,768,1,2,A_kept,mlp,"h=256,seed=0",0.9427033596666378,0.9419390328910311,0.9431857790170791,0.9422654172720892,1.5379366874694824
A=gender,clip,gender,768,1,2,A_kept,mlp,"h=256,seed=1",0.9426165465752235,0.9418134942523378,0.9431857790170791,0.9422654172720892,1.5900006294250488
A=gender,clip,gender,768,1,2,A_kept,mlp,"h=1024,seed=0",0.9426165465752235,0.9418875077879456,0.9428372255141164,0.9419567752967806,2.75787615776062
A=gender,clip,gender,768,1,2,A_kept,mlp,"h=1024,seed=1",0.9425297334838093,0.9417372979707164,0.9431857790170791,0.9422654172720892,2.7363781929016113
A=gender,clip,gender,768,1,2,A_kept,rff,gamma x0.5,0.94192204184391,0.9418453746412995,0.9424886720111537,0.9421065247259537,0.6436367034912109
A=gender,clip,gender,768,1,2,A_kept,rff,gamma x2.0,0.9421824811181526,0.9419012652364126,0.9424886720111537,0.9420148464450573,0.40500402450561523
A=gender,clip,gender,768,1,2,A_kept,tree,"depth=None,it=64",0.942356107300981,0.9419796442640478,0.9438828860230045,0.943249414346292,67.32672667503357
A=gender,clip,gender,768,1,2,A_kept,tree,"depth=6,it=64",0.942356107300981,0.9419796442640478,0.9438828860230045,0.943249414346292,69.69475436210632
A=gender,clip,gender,768,1,2,A_kept,knn,k=15,1.0,1.0,0.9295921924015337,0.9282114580553331,1.4284839630126953
A=gender,clip,gender,768,1,2,A_kept,knn,k=50,1.0,1.0,0.9348204949459742,0.9335745139321334,1.461458444595337
A=gender,clip,gender,768,1,2,B_emotion,lr,wd=1e-05,0.2697416673457746,0.18100193082211316,0.2728161668839635,0.19102325287513072,0.4580399990081787
A=gender,clip,gender,768,1,2,B_emotion,lr,wd=0.001,0.2697416673457746,0.18100193082211316,0.2728161668839635,0.19102325287513072,0.21799993515014648
A=gender,clip,gender,768,1,2,B_emotion,lr,wd=0.1,0.26884524488631734,0.1805307883961175,0.273142112125163,0.1910979849846575,0.22985005378723145
A=gender,clip,gender,768,1,2,B_emotion,mlp,"h=256,seed=0",0.2240241219134545,0.21795646453110643,0.2180573663624511,0.21989620043651173,1.5147874355316162
A=gender,clip,gender,768,1,2,B_emotion,mlp,"h=256,seed=1",0.12207644038790645,0.21708275662653767,0.11571056062581486,0.21418286037745388,1.7583227157592773
A=gender,clip,gender,768,1,2,B_emotion,mlp,"h=1024,seed=0",0.27414228669220114,0.21475767014112154,0.27216427640156454,0.22401004458269266,2.8937363624572754
A=gender,clip,gender,768,1,2,B_emotion,mlp,"h=1024,seed=1",0.12818841170238773,0.2196075576418509,0.12320730117340287,0.216334213513814,2.851545810699463
A=gender,clip,gender,768,1,2,B_emotion,rff,gamma x0.5,0.15133240974655693,0.21909638988013633,0.14308996088657105,0.20357635233408064,0.6582217216491699
A=gender,clip,gender,768,1,2,B_emotion,rff,gamma x2.0,0.22206829109282047,0.2231355022815308,0.2196870925684485,0.21929192704923256,0.4368259906768799
A=gender,clip,gender,768,1,2,B_emotion,tree,"depth=None,it=11",0.21758617879553419,0.2783998273893448,0.17438070404172099,0.18861983322986992,66.94533109664917
A=gender,clip,gender,768,1,2,B_emotion,tree,"depth=6,it=13",0.22174231928938146,0.2736408685907233,0.19002607561929596,0.20172726823482404,66.23947620391846
A=gender,clip,gender,768,1,2,B_emotion,knn,k=15,0.9998370140982805,0.9998713232312456,0.2865058670143416,0.152404797807353,1.5831573009490967
A=gender,clip,gender,768,1,2,B_emotion,knn,k=50,0.9998370140982805,0.9998713232312456,0.30215123859191656,0.15353920323536177,1.6855049133300781
A=gender,clip,gender,768,1,2,B_race,lr,wd=1e-05,0.4662211718686334,0.3912800229051659,0.4599087353324641,0.37852106666487223,0.3342630863189697
A=gender,clip,gender,768,1,2,B_race,lr,wd=0.001,0.43158666775323934,0.34015282444228706,0.4383963494132986,0.3420428996779486,0.23299956321716309
A=gender,clip,gender,768,1,2,B_race,lr,wd=0.1,0.13967891777361258,0.3984433532740874,0.1333116036505867,0.3769973987365292,0.235001802444458
A=gender,clip,gender,768,1,2,B_race,mlp,"h=256,seed=0",0.3572650965691468,0.4091304800870175,0.34876140808344197,0.3901773496765452,1.5705528259277344
A=gender,clip,gender,768,1,2,B_race,mlp,"h=256,seed=1",0.20609567272430934,0.4026552948007866,0.20567144719687092,0.3847861692812038,1.564605951309204
A=gender,clip,gender,768,1,2,B_race,mlp,"h=1024,seed=0",0.3801646157607367,0.4097879662739952,0.37157757496740546,0.3874902121531678,2.8278725147247314
A=gender,clip,gender,768,1,2,B_race,mlp,"h=1024,seed=1",0.18278868877842067,0.39895838163508257,0.18448500651890481,0.38378572414967654,2.8224406242370605
A=gender,clip,gender,768,1,2,B_race,rff,gamma x0.5,0.37185233477304214,0.4126903974789044,0.36538461538461536,0.3935990456712444,0.6530313491821289
A=gender,clip,gender,768,1,2,B_race,rff,gamma x2.0,0.35310895607529946,0.41186818702312583,0.33702737940026073,0.3876580161787197,0.4147324562072754
A=gender,clip,gender,768,1,2,B_race,tree,"depth=None,it=13",0.4313421889006601,0.46200053223564347,0.38852672750977835,0.3881758610273766,63.081653118133545
A=gender,clip,gender,768,1,2,B_race,tree,"depth=6,it=14",0.4117838806943199,0.4577688361258507,0.3709256844850065,0.386003019433752,63.89587926864624
A=gender,clip,gender,768,1,2,B_race,knn,k=15,0.9999185070491402,0.9998256624825662,0.6994784876140808,0.3401254598155084,1.5930006504058838
A=gender,clip,gender,768,1,2,B_race,knn,k=50,0.9999185070491402,0.9998256624825662,0.7154498044328553,0.33701658051148553,1.6197214126586914
A=gender,clip,gender,768,1,2,B_age,lr,wd=1e-05,0.4086871485616494,0.25090185055762637,0.4002607561929596,0.24310643707593466,0.3349580764770508
A=gender,clip,gender,768,1,2,B_age,lr,wd=0.001,0.4086871485616494,0.25090185055762637,0.4002607561929596,0.24310643707593466,0.249006986618042
A=gender,clip,gender,768,1,2,B_age,lr,wd=0.1,0.41292478200635646,0.25887233347418587,0.40352020860495436,0.24938184453337522,0.24915146827697754
A=gender,clip,gender,768,1,2,B_age,mlp,"h=256,seed=0",0.386928530682096,0.3767412345578848,0.3771186440677966,0.336468666941368,1.563283920288086
A=gender,clip,gender,768,1,2,B_age,mlp,"h=256,seed=1",0.4015972618368511,0.3761927939480493,0.3921121251629726,0.34072271785870817,1.5109820365905762
A=gender,clip,gender,768,1,2,B_age,mlp,"h=1024,seed=0",0.388558389699291,0.37839482191785623,0.3790743155149935,0.33480457696522853,2.8347322940826416
A=gender,clip,gender,768,1,2,B_age,mlp,"h=1024,seed=1",0.390514220519925,0.378016888308755,0.3855932203389831,0.3494333660988268,2.835782051086426
A=gender,clip,gender,768,1,2,B_age,rff,gamma x0.5,0.40290114905060714,0.3795832453737781,0.3924380704041721,0.3406399057754864,0.7678637504577637
A=gender,clip,gender,768,1,2,B_age,rff,gamma x2.0,0.420911091190612,0.3886768210778031,0.41264667535853977,0.36101462104751214,0.41900038719177246
A=gender,clip,gender,768,1,2,B_age,tree,"depth=None,it=17",0.4300383016869041,0.4142354343002344,0.4061277705345502,0.35704334248374314,65.50296115875244
A=gender,clip,gender,768,1,2,B_age,tree,"depth=6,it=17",0.4305272593920626,0.41143351033665193,0.41134289439374183,0.36354574748917534,65.6546561717987
A=gender,clip,gender,768,1,2,B_age,knn,k=15,0.9997555211474207,0.999761043484918,0.4866362451108214,0.2753663850606001,1.5283608436584473
A=gender,clip,gender,768,1,2,B_age,knn,k=50,0.9997555211474207,0.999761043484918,0.5052151238591917,0.2758753262476853,1.6188709735870361
