A_kept,Aprime_heldout,B_gender,B_race,B_age,kind,param,k,seed,sec
0.8025657837188864,0.6073744769874477,0.570503810455772,0.38313012253796,0.34412555861180893,vib,0.001,2,0,39.8
0.8459673770958448,0.6044586820083682,0.5788920024908816,0.3998157994422304,0.36781199261653147,vib,0.001,3,0,37.4
0.8487934636624719,0.7588912133891214,0.5850739851140172,0.44039183873297016,0.39545054407451447,vib,0.001,4,0,38.9
0.8486138256108366,0.7651804393305439,0.6070671351896332,0.47001271536621897,0.42031964536271105,vib,0.001,5,0,40.9
0.8478527137327431,0.7443122384937239,0.6241677292451244,0.5075465408348733,0.4776192784579029,vib,0.001,6,0,42.6
0.850844528858502,0.8047855648535565,0.6335858810505195,0.5456873593929056,0.5573062953092169,vib,0.001,8,0,46.9
0.8456901452847335,0.7880753138075314,0.6899942175962993,0.5813053369319898,0.5693758144227945,vib,0.001,10,0,49.9
0.8484238333755927,0.8319168410041842,0.6917054631359408,0.5909059942866094,0.5878220719094951,vib,0.001,12,0,54.9
0.8487551636413875,0.8142390167364016,0.7323088100109718,0.6203417513313395,0.623953960153667,vib,0.001,16,0,50.8
0.8499869310089364,0.8466265690376569,0.828388389724125,0.6698993027567361,0.6891679199999228,vib,0.001,24,0,58.2
0.8482762728682205,0.8695214435146443,0.832434342535757,0.6955112370476785,0.674494686486241,vib,0.001,32,0,64.9
0.8442749440746411,0.8820083682008368,0.8391634295090393,0.7534982009766097,0.6973443306387608,vib,0.001,48,0,79.2
0.8454517776174066,0.8841134937238494,0.8731874388399608,0.7550862274014309,0.7086455434867783,vib,0.001,64,0,92.1
0.8576256245548028,0.8967050209205021,0.8861321155689984,0.7570409139769079,0.7341340451389525,vib,0.001,96,0,117.3
0.8517110341142755,0.8977248953974895,0.8946151983315047,0.7750061963070304,0.7414723483374351,vib,0.001,128,0,143.7
0.8601058424246956,0.9102771966527197,0.9015214640848481,0.7813198397038761,0.7480531499344848,vib,0.001,192,0,203.9
0.8576167093288707,0.9008760460251046,0.9031808162579447,0.7893099728211522,0.7616867506179963,vib,0.001,256,0,263.1
0.8019694969970894,0.6105387029288702,0.571454200397355,0.38561977006302267,0.3456969540400171,vib,0.003,2,0,35.2
0.8443518213564369,0.6064853556485356,0.5771501151538514,0.40003153833531285,0.3670222159719897,vib,0.003,3,0,36.5
0.8535943247774755,0.7568122384937239,0.5839891666419554,0.4299920536582087,0.3893441789912517,vib,0.003,4,0,38.5
0.847474921095903,0.7704105648535565,0.6087751682827744,0.48209798477029814,0.435869586130067,vib,0.003,5,0,39.5
0.8539825161752624,0.7494769874476988,0.63195099289308,0.49468474313591093,0.4713956665413074,vib,0.003,6,0,42.1
0.8476633649086557,0.8100810669456067,0.6583750951378387,0.516873874982358,0.5555257665052851,vib,0.003,8,0,45.2
0.8453786139193532,0.8016736401673641,0.6452379187300458,0.5402475704752256,0.5382779007166159,vib,0.003,10,0,48.3
0.8453475602794637,0.8319560669456068,0.6862507289782442,0.5429776224442694,0.5610645633226083,vib,0.003,12,0,52.1
0.8408554790289606,0.8101072175732218,0.6929247101384812,0.5887513714802749,0.5856776908363149,vib,0.003,16,0,48.9
0.8483236767174759,0.8538572175732217,0.7388177208433413,0.6281059014863316,0.6380142323339627,vib,0.003,24,0,55.6
0.8423344072590231,0.8611401673640167,0.7715950538208345,0.6727265491898488,0.6427753615852956,vib,0.003,32,0,62.2
0.8455614834126475,0.8747646443514645,0.7863579752691041,0.6833087780510709,0.6467275383875472,vib,0.003,48,0,75.5
0.8461626692578884,0.8736663179916317,0.8302738487085966,0.6837570783902595,0.6574797422909209,vib,0.003,64,0,89.3
0.8533917433371393,0.8779419456066946,0.8499597208631102,0.7224712298778839,0.6818699914722515,vib,0.003,96,0,115.4
0.8480118567850067,0.8955936192468619,0.8574741274501083,0.7412042077216933,0.7043760279844495,vib,0.003,128,0,142.8
0.8537162394280733,0.9008760460251046,0.8829295535193586,0.7349626717333336,0.7155954828076392,vib,0.003,192,0,196.9
0.8477125882805451,0.9081459205020921,0.8858234735936897,0.742830463116003,0.7232419279297138,vib,0.003,256,0,257.2
0.7991689690393502,0.6147620292887029,0.5788769287034566,0.3828398902188039,0.34444985412049134,vib,0.01,2,0,35.7
0.8457585240741402,0.6065115062761506,0.5688931392027202,0.40342821877968804,0.36746247585593017,vib,0.01,3,0,36.5
0.8496060746297329,0.7672071129707113,0.5864644802261563,0.42103062321100904,0.3826278292484586,vib,0.01,4,0,37.8
0.8443691096797563,0.7557923640167363,0.584309917069458,0.4725191854443052,0.43813128378390465,vib,0.01,5,0,39.6
0.848312671012248,0.7692991631799163,0.6403913254060039,0.45622311811537486,0.43958556305401864,vib,0.01,6,0,42.8
0.8432206702021292,0.7829628661087866,0.6599244827961135,0.46710353896010326,0.5025676013008628,vib,0.01,8,0,48.0
0.8405894337055916,0.8172986401673641,0.6193730292876276,0.4704366549927181,0.5085732598622715,vib,0.01,10,0,56.9
0.8470819448612101,0.8131668410041841,0.6409841453409642,0.4730972339575524,0.5094481109393671,vib,0.01,12,0,53.6
0.8422016309998387,0.840258891213389,0.676477972501458,0.5090538453492238,0.5309662144127144,vib,0.01,16,0,48.5
0.8470613724084306,0.860185669456067,0.6829503108659767,0.5407860652899766,0.5602928044394642,vib,0.01,24,0,55.3
0.8445292973127871,0.8830543933054393,0.7000662258201623,0.5624014840999289,0.5690472745225027,vib,0.01,32,0,62.1
0.8405752598376818,0.8934884937238494,0.7457575937293044,0.5960246982476191,0.5747502429118059,vib,0.01,48,0,75.5
0.8415733190553245,0.8914225941422594,0.7711732348842038,0.6471120821073663,0.5999012237953808,vib,0.01,64,0,89.4
0.8541224750911173,0.8987186192468619,0.8108568336150401,0.6777076469251861,0.637829035945145,vib,0.01,96,0,114.9
0.8520055954617881,0.8997907949790795,0.820323913451749,0.710369314802211,0.6925210824036805,vib,0.01,128,0,142.2
0.8513212213677986,0.8987578451882845,0.8691170220126718,0.7316447336327868,0.7071059984869992,vib,0.01,192,0,196.0
0.8416318475745872,0.910211820083682,0.8823458767013611,0.7617955206862795,0.7071704491073303,vib,0.01,256,0,259.4
0.7998557713560117,0.6093096234309623,0.576630687265862,0.386968001720281,0.3433872710333032,vib,0.03,2,0,35.2
0.8507870418540403,0.6367024058577406,0.5707877413041544,0.3911985614406415,0.3698306293079236,vib,0.03,3,0,37.0
0.8551693821601882,0.7776542887029289,0.59208428471172,0.4183069878980962,0.3850501761231128,vib,0.03,4,0,37.9
0.8480115620822094,0.7922201882845188,0.5948618153782286,0.45622962509393816,0.413101570576974,vib,0.03,5,0,39.3
0.850365367056933,0.8037264644351465,0.6088792021271339,0.439487206884984,0.42384925028562115,vib,0.03,6,0,41.2
0.8475423283024821,0.7911741631799163,0.6283634314859294,0.4522381714325938,0.4415208142392153,vib,0.03,8,0,45.0
0.8433484649117059,0.7859571129707112,0.6189756743666539,0.44879159160778453,0.3971549086673482,vib,0.03,10,0,50.8
0.849179832245109,0.8350549163179917,0.6074580652176061,0.467536209755062,0.4497595726334212,vib,0.03,12,0,55.7
0.844204555551862,0.820397489539749,0.6402932222321067,0.4872046269231556,0.473481536206959,vib,0.03,16,0,47.7
0.8473742936986811,0.8642390167364017,0.6711883086716286,0.5187993987024927,0.49674311786673064,vib,0.03,24,0,55.0
0.8430594508450003,0.8777850418410041,0.6768874358746256,0.5474456473661253,0.5149608394518634,vib,0.03,32,0,61.5
0.8408631421436986,0.881053870292887,0.7668156747620318,0.6056599189863481,0.5870900883562807,vib,0.03,48,0,75.3
0.8488553615125859,0.8842442468619247,0.765464964564244,0.599857165610869,0.6109257123377501,vib,0.03,64,0,88.5
0.8530263051173155,0.8955936192468619,0.7983124771422077,0.6513517079418731,0.613526887873632,vib,0.03,96,0,114.7
0.8451567454590483,0.8851987447698745,0.8299315996006682,0.6674816911349005,0.6716075566150261,vib,0.03,128,0,141.7
0.858317568598933,0.9019482217573223,0.8625530053672568,0.7172682099262833,0.7223048188342946,vib,0.03,192,0,195.9
0.8400679844993413,0.8924816945606695,0.8846225128250749,0.7554122876187493,0.710370391122283,vib,0.03,256,0,257.9
0.8047494795407006,0.6178608786610879,0.5687342466565846,0.3766849282818436,0.32945796698320146,vib,0.1,2,0,36.0
0.857152564955066,0.6243200836820084,0.5800929632594964,0.3972776788784778,0.3788962631448819,vib,0.1,3,0,36.5
0.8590199870299203,0.7734440376569037,0.5849212703496129,0.4190116571711822,0.3738568587363532,vib,0.1,4,0,37.8
0.8536045711765097,0.7901542887029289,0.5932239618855578,0.4271149078446621,0.39147955578213683,vib,0.1,5,0,39.3
0.8562292952396351,0.8163833682008368,0.5819932489201237,0.41052648185598084,0.3920650068981692,vib,0.1,6,0,41.4
0.8568860853594671,0.795371338912134,0.6238590872698158,0.433593543981353,0.38882923921427526,vib,0.1,8,0,46.2
0.8511617548183297,0.8194299163179917,0.5911427907758305,0.44275669829088354,0.39861990065211217,vib,0.1,10,0,51.9
0.8553405883626677,0.7943906903765691,0.6242379088455949,0.4800391903012435,0.4182420435561743,vib,0.1,12,0,57.5
0.8495264492113137,0.7944429916317992,0.6482477339896608,0.5195149254846331,0.49897733922590454,vib,0.1,16,0,47.4
0.8478074862249437,0.8538441422594143,0.691781820518143,0.5403055612402237,0.47558487562217505,vib,0.1,24,0,55.3
0.834067220986128,0.8706066945606694,0.7185328509721357,0.5440264691092276,0.5289568534449718,vib,0.1,32,0,61.5
0.8408709418374188,0.855020920502092,0.7489937629115638,0.5864258322879077,0.573763518140243,vib,0.1,48,0,75.3
0.8519391581540207,0.8768305439330544,0.7716378040704168,0.6181471081606085,0.6072226511520357,vib,0.1,64,0,89.1
0.8599334838568744,0.8914225941422594,0.8248374007848254,0.6546624277747018,0.6379386245290055,vib,0.1,96,0,115.4
0.8568774472976456,0.9018828451882845,0.8341181587245106,0.7129541621709617,0.6538857786769426,vib,0.1,128,0,141.8
0.8497093599176899,0.9039487447698744,0.887366683470233,0.7254051019423756,0.7297455644361118,vib,0.1,192,0,196.1
0.8534579998623926,0.902928870292887,0.9005863950419595,0.7638047356668479,0.7290919568448165,vib,0.1,256,0,257.5
0.772271669432308,0.6126176778242678,0.5617792999831964,0.35854834945878533,0.32968687761429366,vib,0.3,2,0,35.5
0.8516202618126965,0.6911480125523013,0.5750995858415127,0.3826342373306662,0.3722439662755083,vib,0.3,3,0,36.3
0.8738213602443679,0.7995292887029288,0.5872987278711859,0.39549195922986913,0.3722052806592127,vib,0.3,4,0,37.7
0.8615805133339709,0.7568122384937239,0.586525516709664,0.3935081813043087,0.3735590758468253,vib,0.3,5,0,39.7
0.8678632664565502,0.7807662133891213,0.6108808034081586,0.4192541578482807,0.3721740572532532,vib,0.3,6,0,41.5
0.8634206795345983,0.7797332635983263,0.6142941513704792,0.43266225196208735,0.4185262225088523,vib,0.3,8,0,45.6
0.8651435795615493,0.820449790794979,0.597673200288626,0.47159515309053895,0.4457305390208499,vib,0.3,10,0,53.4
0.8633111051983271,0.7997123430962343,0.6364889442418131,0.5176190726835226,0.4458223047947286,vib,0.3,12,0,57.6
0.8636256286900817,0.8006276150627616,0.668725350650891,0.5229995310534581,0.4880601984812488,vib,0.3,16,0,47.6
0.8648254232319758,0.8548640167364017,0.6858716602911958,0.5780872427535272,0.516062726762284,vib,0.3,24,0,55.2
0.8614720071811213,0.8590742677824268,0.7463046980794512,0.5966929299461247,0.5887257695291497,vib,0.3,32,0,62.0
0.8505796454004393,0.8810015690376569,0.7975852286767686,0.6672798920038763,0.6291608710753978,vib,0.3,48,0,75.2
0.8663415370421227,0.8768436192468619,0.8277313208591565,0.6787371532993193,0.6388181704722838,vib,0.3,64,0,89.0
0.8584038284815099,0.8998692468619247,0.8568721643981853,0.7362339072804555,0.6954399630955346,vib,0.3,96,0,115.6
0.875689679586349,0.9019089958158996,0.8693737706214354,0.7513968985128344,0.688437564808804,vib,0.3,128,0,141.8
0.8690183816114173,0.8976725941422594,0.905790558372624,0.7720166893876509,0.723798685188949,vib,0.3,192,0,195.7
0.8691429162321839,0.9091919456066946,0.9137480354654094,0.7721329494118132,0.7357641102314562,vib,0.3,256,0,256.0
0.8198218031186719,0.6156119246861925,0.5594505233816683,0.37608170239058114,0.331526774309549,adv,0.3,2,0,35.7
0.833265400230462,0.6815899581589958,0.5576841720289812,0.3830710855381208,0.34413851164869236,adv,0.3,3,0,37.0
0.8533374323150836,0.7932400627615064,0.5684196740108136,0.40607535099240755,0.36483889394471947,adv,0.3,4,0,38.7
0.8496696479058399,0.7745031380753138,0.5787452183969397,0.4096358763290504,0.3791783692764038,adv,0.3,5,0,40.4
0.8514220294757939,0.8266997907949791,0.6014777253901886,0.4416199867164304,0.434915688065325,adv,0.3,6,0,42.4
0.8434557855248539,0.7933708158995816,0.6064313178938212,0.4813377258035405,0.5221360080718178,adv,0.3,8,0,46.4
0.8580203205662773,0.8319560669456068,0.6399695064693731,0.5085608241157221,0.6288901692504789,adv,0.3,10,0,51.3
0.8505061947437966,0.8121600418410042,0.666760321837717,0.5212133597926877,0.6657677647783016,adv,0.3,12,0,56.8
0.8552572668274522,0.8205413179916319,0.6880504403522818,0.5898231675699174,0.719044016118621,adv,0.3,16,0,50.1
0.858164424272138,0.8643828451882845,0.9173600608882168,0.7471051754520399,0.7709028099544638,adv,0.3,24,0,56.9
0.853939548454554,0.8726595188284518,0.9130726803665155,0.8399309241134182,0.7450537529446756,adv,0.3,32,0,63.2
0.8519773757489414,0.8779680962343097,0.9277683875495457,0.8328871743884783,0.7792647957570912,adv,0.3,48,0,77.1
0.8617453797033493,0.8851856694560669,0.9341735116488252,0.8354047616526118,0.7800546142836234,adv,0.3,64,0,90.9
0.8568127391948834,0.907112970711297,0.937877215352529,0.8434215549411673,0.7863632935843197,adv,0.3,96,0,116.7
0.8549704081275191,0.914395920502092,0.9383356067570106,0.8456689050146043,0.780069236401474,adv,0.3,128,0,143.9
0.8583696714946749,0.9373692468619247,0.9383111427413535,0.8382283123928677,0.7925014003150648,adv,0.3,192,0,197.6
0.8584944200005749,0.9279942468619247,0.9389864978402476,0.8418971079818452,0.7898152639069966,adv,0.3,256,0,259.9
0.8181928784860985,0.614592050209205,0.5556642845140309,0.37872043838052755,0.3269472978130553,adv,0.5,2,0,36.0
0.8405344921366001,0.6815768828451882,0.5610058417104054,0.3838754067981223,0.3470501016662234,adv,0.5,3,0,37.4
0.8532265805847234,0.7536741631799163,0.5686670323913452,0.41145160560580457,0.3816841498856618,adv,0.5,4,0,38.2
0.852808418203189,0.8308708158995817,0.5757504769247497,0.42380818854289903,0.43194964741430064,adv,0.5,5,0,39.8
0.8520769017883818,0.8412526150627615,0.584835522739179,0.4572757206881446,0.4612161451165379,adv,0.5,6,0,41.5
0.8505037237712839,0.7923770920502092,0.619039923296662,0.49360201803195536,0.49405786192446116,adv,0.5,8,0,45.9
0.8574385564924899,0.8006276150627616,0.6319112079787287,0.4804597089656177,0.5762375719941476,adv,0.5,10,0,52.1
0.8608455180517568,0.8141997907949791,0.6342886655003015,0.5042194199537051,0.6244728621643955,adv,0.5,12,0,57.0
0.8542931979168203,0.8215873430962344,0.7242749755359843,0.6280708149848017,0.707131045746286,adv,0.5,16,0,49.2
0.8542802869702791,0.8643043933054393,0.8789172078403463,0.767411043186384,0.7674219024625613,adv,0.5,24,0,57.1
0.8663108638954501,0.875810669456067,0.9254490011762496,0.8022970665509456,0.7727021347190424,adv,0.5,32,0,63.7
0.8590033421177573,0.8894089958158996,0.9355578289792328,0.8355120270678867,0.7747667582077339,adv,0.5,48,0,76.9
0.8644859607208376,0.8997907949790795,0.9321474463521434,0.8350836202444215,0.7824409888821556,adv,0.5,64,0,90.0
0.8521755177682154,0.9164879707112971,0.9360253635006771,0.8405822730439452,0.7808430552700253,adv,0.5,96,0,117.0
0.8524272780031034,0.909178870292887,0.9389528907076279,0.8445467579323663,0.7943757372477498,adv,0.5,128,0,145.0
0.8597683227846987,0.9165141213389121,0.9414556336427167,0.8389717488066016,0.7850587836204851,adv,0.5,192,0,197.9
0.8547828693261013,0.9279550209205021,0.9373607527997707,0.8455483095136896,0.7856770436890954,adv,0.5,256,0,261.7
0.8145528129459784,0.616657949790795,0.5510620842352895,0.382687760898698,0.33143505299212817,adv,1.0,2,0,35.8
0.8445759705785161,0.7138990585774059,0.5486816613784855,0.43410555550625457,0.34941468776279405,adv,1.0,3,0,36.7
0.8572414036664708,0.7818122384937238,0.5796558234241714,0.4172937809595661,0.4052281115532995,adv,1.0,4,0,38.3
0.8610379796510139,0.7776281380753138,0.5804871057339699,0.43325195583254134,0.4212716235683853,adv,1.0,5,0,40.1
0.8698588401353197,0.7807531380753139,0.5978046634838735,0.46456226087465335,0.47017490685572894,adv,1.0,6,0,41.9
0.8650153917928245,0.8277196652719665,0.6152292204133677,0.4925683342453264,0.5868114351000726,adv,1.0,8,0,45.8
0.8624616665610155,0.8215219665271967,0.6419466437347409,0.4938163456370324,0.5890910106826792,adv,1.0,10,0,51.3
0.8647540569906607,0.8330413179916318,0.6618801213810555,0.5002052803081042,0.6823642370778,adv,1.0,12,0,56.3
0.8536897297013054,0.8298901673640167,0.6968026272870148,0.5630800915878497,0.7351317612307996,adv,1.0,16,0,49.6
0.864787817554092,0.8841657949790795,0.8876753254455416,0.7615174969492281,0.7523540773555951,adv,1.0,24,0,57.0
0.8628348405310378,0.886218619246862,0.9340482262353093,0.838800264141932,0.7827891581828189,adv,1.0,32,0,64.1
0.8700957083374451,0.8966265690376569,0.9359092212041238,0.8366087220413778,0.7819006694826883,adv,1.0,48,0,77.1
0.86186634973803,0.8852902719665272,0.9387359270132155,0.8330320139356072,0.7838674671181483,adv,1.0,64,0,90.2
0.87667999655183,0.9123169456066946,0.9379688936334253,0.8451895939736452,0.7873596793452495,adv,1.0,96,0,116.5
0.8663305313368947,0.9123823221757322,0.9387114629975586,0.8455646955082902,0.7846107795102542,adv,1.0,128,0,144.4
0.8649631063588119,0.9227510460251046,0.9400377091796894,0.8467146957706017,0.7861211337822583,adv,1.0,192,0,197.8
0.8586687706913411,0.9165141213389121,0.940997242238235,0.8471303257333255,0.7909032623463039,adv,1.0,256,0,260.0
0.8164918695190977,0.6491239539748954,0.5581638150026194,0.3741160416395746,0.32463207745442346,adv,2.0,2,0,36.0
0.8466461249188605,0.6022228033472803,0.5762424754618509,0.4263195774301132,0.3633348589220512,adv,2.0,3,0,37.0
0.8298033182189274,0.8006276150627616,0.5687737844596665,0.430843222153118,0.43155843878345224,adv,2.0,4,0,38.5
0.842190966258762,0.7609963389121339,0.5841784538742105,0.4390556425398213,0.4266942693809761,adv,2.0,5,0,40.3
0.8535455057204555,0.7714173640167363,0.5999681226462652,0.44460121031607724,0.4428909743771802,adv,2.0,6,0,41.4
0.872882869010518,0.8152719665271967,0.6064253872233589,0.47442420597229834,0.5854337447873306,adv,2.0,8,0,46.2
0.8681182411872145,0.8225810669456067,0.6350005930670461,0.4826106210253567,0.613304590369866,adv,2.0,10,0,51.4
0.8601708056256727,0.8485617154811715,0.6788860718204193,0.5268004909415596,0.7053813455536708,adv,2.0,12,0,58.1
0.8705570127202389,0.8340219665271966,0.7218332690844034,0.6025291967074372,0.6985749157268784,adv,2.0,16,0,49.5
0.8717359779553819,0.8674555439330544,0.897499975288873,0.7898019591101165,0.7678988142534918,adv,2.0,24,0,56.8
0.8740363549252297,0.884126569037657,0.9189949490456564,0.7908569025392579,0.7793311067077957,adv,2.0,32,0,63.6
0.8637350590014521,0.877902719665272,0.9397871383526575,0.8382307134641941,0.7794341262518805,adv,2.0,48,0,76.7
0.8693617637717065,0.8987316945606695,0.9362178631794325,0.8389251085606014,0.7864953450855707,adv,2.0,64,0,90.7
0.8679526076201773,0.9008629707112971,0.93460743903765,0.8421297710406878,0.7815423671490374,adv,2.0,96,0,116.6
0.8680953767886802,0.8872646443514645,0.9391117832537634,0.8436075777540095,0.7878602359265042,adv,2.0,128,0,143.1
0.871607360660634,0.9196260460251046,0.9379108224851486,0.8450575312872578,0.7818744493576673,adv,2.0,192,0,197.3
0.874510576390273,0.9227641213389122,0.9406886002629264,0.847864696032913,0.7851723183046211,adv,2.0,256,0,260.0
0.8035726347497654,0.6127876569037657,0.5605138431733041,0.3904894550780668,0.335368030309835,adv,3.0,2,0,36.1
0.8208671523370278,0.6586297071129708,0.5542095404718836,0.3982312955922706,0.3557546199476665,adv,3.0,3,0,37.0
0.823130866489152,0.7494377615062762,0.5979635560300092,0.4589922872244918,0.4060256097362343,adv,3.0,4,0,38.2
0.8549785454211346,0.7317337866108786,0.5836036730619063,0.43434542177907626,0.46582134894264077,adv,3.0,5,0,40.0
0.837420970181409,0.7662003138075314,0.6195012800363748,0.4472872413896585,0.48614767936555053,adv,3.0,6,0,41.7
0.8689141994225882,0.7703713389121338,0.6417694649546798,0.49084676234085367,0.6340921126987236,adv,3.0,8,0,46.5
0.8604780735345576,0.8016867154811715,0.6265970801332423,0.49594810557768043,0.6443588992369067,adv,3.0,10,0,50.7
0.8563549203362684,0.8089696652719665,0.6630719390327077,0.5239944326457003,0.6744614886722619,adv,3.0,12,0,55.9
0.859555480699157,0.8434361924686193,0.7053927092291117,0.6069964651789223,0.7026836370007512,adv,3.0,16,0,49.5
0.8793834315938158,0.8726464435146444,0.8023156797042572,0.7202275190457833,0.7618931758350259,adv,3.0,24,0,56.6
0.8751174189811357,0.8872777196652719,0.9284192786327827,0.7974879615439598,0.7884737933804644,adv,3.0,32,0,63.5
0.8744827085234925,0.8653373430962343,0.932480552343109,0.8449690529379099,0.7772575784667743,adv,3.0,48,0,77.0
0.8695544473665595,0.901895920502092,0.938002500766045,0.8358458437240824,0.7880887694472559,adv,3.0,64,0,90.3
0.8736700529788937,0.890402719665272,0.9400377091796894,0.8420667448000868,0.7890742260276509,adv,3.0,96,0,116.6
0.8685366031321946,0.9081459205020921,0.9364928980221214,0.8439796233796937,0.790586258177999,adv,3.0,128,0,142.6
0.8755298866209656,0.9091919456066946,0.9385281064357659,0.8478301778100198,0.7815163890447638,adv,3.0,192,0,198.3
0.87168102520241,0.9217050209205021,0.941272277080924,0.8508300304113372,0.7938148445197548,adv,3.0,256,0,259.6
0.7548269363731993,0.6334989539748954,0.5551628957486977,0.40628390172524953,0.3045060713522805,adv,5.0,2,0,35.9
0.8038056311650413,0.6503661087866108,0.5682145716573259,0.42541263106979826,0.3724615956086358,adv,5.0,3,0,36.6
0.7542195282021701,0.6911349372384936,0.5951153515404917,0.46064147698974695,0.44729666726298484,adv,5.0,4,0,38.5
0.825209384426919,0.7317730125523012,0.6051050717116904,0.4336279906989873,0.4337772599633869,adv,5.0,5,0,39.9
0.8202720114786093,0.7379576359832636,0.6014532613745317,0.4752883394996834,0.5109826448408104,adv,5.0,6,0,41.8
0.8429626259671993,0.7588781380753138,0.6300440352281825,0.5104183914958238,0.5834706730379611,adv,5.0,8,0,46.6
0.8461204406049756,0.8361532426778242,0.6510714744635214,0.5207164848020728,0.6080626020538988,adv,5.0,10,0,51.4
0.8616604306837352,0.8205282426778242,0.6518904012098568,0.5089563573372499,0.6474076478794722,adv,5.0,12,0,57.7
0.8689091133809214,0.8622123430962343,0.7598849449930314,0.5929963526823326,0.7333161954131187,adv,5.0,16,0,48.6
0.8661430496787457,0.8611663179916318,0.8797423123684133,0.760870935107615,0.7670057518828146,adv,5.0,24,0,56.7
0.8644942690024887,0.8684754184100418,0.9260601073451353,0.8283398237904184,0.7693670656650721,adv,5.0,32,0,63.1
0.8774226978458797,0.8884021966527197,0.9364592908895017,0.8256513916455107,0.7867878873750092,adv,5.0,48,0,76.7
0.8733538144565642,0.8851725941422595,0.9345493678893733,0.8445279708664392,0.7794143985028554,adv,5.0,64,0,89.6
0.8680169463381866,0.9008498953974895,0.9379108224851486,0.8430780173331908,0.7817943209841901,adv,5.0,96,0,116.7
0.8750094880594503,0.9029157949790795,0.9385281064357659,0.8492522781631949,0.7915373443224625,adv,5.0,128,0,144.1
0.8614385001074059,0.9154419456066946,0.9425649161304352,0.8442346826383221,0.7883715177036028,adv,5.0,192,0,196.4
0.8678377299928501,0.9175732217573223,0.9394204252290721,0.8453532205867011,0.7801932878488527,adv,5.0,256,0,258.6
